estimate,weighted_denominator,se,ci_low,ci_high,n_psu,n_strata,design_df,ci_status,scope,territory_code,territory_name,unit,denominator_definition,weight,n_households,n_valid,n_missing,n_flagged,selection_note
0.01087822201092484,7143171.0,0.0006004799586134849,0.00970130291832812,0.012055141103521561,12512,756,11756,approximate_normal_95_taylor,national,CL,Chile,household,"All households with exactly one head (pco1=1), valid v9 (1..11), positive weight; no ownership or v28 restriction.",expr,78654,78654,0,0,"National and all 16 regions, no outcome selection."
0.002404976451272248,129731.0,0.0009116351034780554,0.0006182044809935113,0.004191748421550985,12512,756,11756,approximate_normal_95_taylor,region,1,Región de Tarapacá,household,"All households with exactly one head (pco1=1), valid v9 (1..11), positive weight; no ownership or v28 restriction.",expr,3093,3093,0,0,"National and all 16 regions, no outcome selection."
0.006728903719364384,235551.0,0.0015141788962487943,0.0037611676158696952,0.009696639822859072,12512,756,11756,approximate_normal_95_taylor,region,2,Región de Antofagasta,household,"All households with exactly one head (pco1=1), valid v9 (1..11), positive weight; no ownership or v28 restriction.",expr,3505,3505,0,0,"National and all 16 regions, no outcome selection."
0.0018459199739399533,110514.0,0.0008435974745070696,0.00019249930606914144,0.003499340641810765,12512,756,11756,approximate_normal_95_taylor,region,3,Región de Atacama,household,"All households with exactly one head (pco1=1), valid v9 (1..11), positive weight; no ownership or v28 restriction.",expr,3257,3257,0,0,"National and all 16 regions, no outcome selection."
0.005675596877125919,308690.0,0.0023442154284028997,0.0010810190643748899,0.010270174689876949,12512,756,11756,approximate_normal_95_taylor,region,4,Región de Coquimbo,household,"All households with exactly one head (pco1=1), valid v9 (1..11), positive weight; no ownership or v28 restriction.",expr,3638,3638,0,0,"National and all 16 regions, no outcome selection."
0.045882158099933755,736648.0,0.004366456052431676,0.0373240614950824,0.05444025470478511,12512,756,11756,approximate_normal_95_taylor,region,5,Región de Valparaíso,household,"All households with exactly one head (pco1=1), valid v9 (1..11), positive weight; no ownership or v28 restriction.",expr,8415,8415,0,0,"National and all 16 regions, no outcome selection."
0.006028670638941807,370065.0,0.0014592162820137443,0.0031686592798692652,0.008888681998014349,12512,756,11756,approximate_normal_95_taylor,region,6,Región del Libertador Gral. Bernardo O'Higgins,household,"All households with exactly one head (pco1=1), valid v9 (1..11), positive weight; no ownership or v28 restriction.",expr,5324,5324,0,0,"National and all 16 regions, no outcome selection."
0.002671231631019933,439872.0,0.0010221409144820436,0.0006678722510401625,0.004674591010999703,12512,756,11756,approximate_normal_95_taylor,region,7,Región del Maule,household,"All households with exactly one head (pco1=1), valid v9 (1..11), positive weight; no ownership or v28 restriction.",expr,5578,5578,0,0,"National and all 16 regions, no outcome selection."
0.006970642520753843,604105.0,0.00109352391178467,0.0048273750369195725,0.009113910004588114,12512,756,11756,approximate_normal_95_taylor,region,8,Región del Biobío,household,"All households with exactly one head (pco1=1), valid v9 (1..11), positive weight; no ownership or v28 restriction.",expr,8124,8124,0,0,"National and all 16 regions, no outcome selection."
0.010735675757528288,383022.0,0.001549664976968499,0.007698388213854176,0.0137729633012024,12512,756,11756,approximate_normal_95_taylor,region,9,Región de La Araucanía,household,"All households with exactly one head (pco1=1), valid v9 (1..11), positive weight; no ownership or v28 restriction.",expr,5458,5458,0,0,"National and all 16 regions, no outcome selection."
0.006824321540607509,339814.0,0.0012907780644712146,0.00429444302161592,0.009354200059599097,12512,756,11756,approximate_normal_95_taylor,region,10,Región de Los Lagos,household,"All households with exactly one head (pco1=1), valid v9 (1..11), positive weight; no ownership or v28 restriction.",expr,4280,4280,0,0,"National and all 16 regions, no outcome selection."
0.001584929583842775,44166.0,0.0009221196086734182,0.0,0.0033922508067049683,12512,756,11756,approximate_normal_95_taylor,region,11,Región de Aysén del Gral. Carlos Ibáñez del Campo,household,"All households with exactly one head (pco1=1), valid v9 (1..11), positive weight; no ownership or v28 restriction.",expr,1753,1753,0,0,"National and all 16 regions, no outcome selection."
0.0016036913034915455,71086.0,0.0008411077576807385,0.0,0.0032522322160499,12512,756,11756,approximate_normal_95_taylor,region,12,Región de Magallanes y de la Antártica Chilena,household,"All households with exactly one head (pco1=1), valid v9 (1..11), positive weight; no ownership or v28 restriction.",expr,2354,2354,0,0,"National and all 16 regions, no outcome selection."
0.00784518152629943,2940786.0,0.0007928231606586692,0.00629127668493457,0.00939908636766429,12512,756,11756,approximate_normal_95_taylor,region,13,Región Metropolitana de Santiago,household,"All households with exactly one head (pco1=1), valid v9 (1..11), positive weight; no ownership or v28 restriction.",expr,14151,14151,0,0,"National and all 16 regions, no outcome selection."
0.007866902300063304,151648.0,0.0015809497713765307,0.004768297686071321,0.010965506914055288,12512,756,11756,approximate_normal_95_taylor,region,14,Región de Los Ríos,household,"All households with exactly one head (pco1=1), valid v9 (1..11), positive weight; no ownership or v28 restriction.",expr,3433,3433,0,0,"National and all 16 regions, no outcome selection."
0.00376259537538587,85845.0,0.0011509883172494335,0.0015066997264212264,0.006018491024350514,12512,756,11756,approximate_normal_95_taylor,region,15,Región de Arica y Parinacota,household,"All households with exactly one head (pco1=1), valid v9 (1..11), positive weight; no ownership or v28 restriction.",expr,2795,2795,0,0,"National and all 16 regions, no outcome selection."
0.006439559980796126,191628.0,0.001376371651684508,0.003741921113519526,0.009137198848072726,12512,756,11756,approximate_normal_95_taylor,region,16,Región de Ñuble,household,"All households with exactly one head (pco1=1), valid v9 (1..11), positive weight; no ownership or v28 restriction.",expr,3496,3496,0,0,"National and all 16 regions, no outcome selection."
0.0036402484865271237,75819.0,,,,12512,756,11756,descriptive_nonrepresentative_no_ci,commune,1101,Iquique,household,"All households with exactly one head (pco1=1), valid v9 (1..11), positive weight; no ownership or v28 restriction.",expc,1935,1935,0,0,"Complete sampled-commune aggregate, sorted by code; no ranking. Valparaíso/Viña del Mar selected after prior exploration, not confirmatory."
0.0009386806842982189,42613.0,,,,12512,756,11756,descriptive_nonrepresentative_no_ci,commune,1107,Alto Hospicio,household,"All households with exactly one head (pco1=1), valid v9 (1..11), positive weight; no ownership or v28 restriction.",expc,903,903,0,0,"Complete sampled-commune aggregate, sorted by code; no ranking. Valparaíso/Viña del Mar selected after prior exploration, not confirmatory."
0.005446443307476481,6059.0,,,,12512,756,11756,descriptive_nonrepresentative_no_ci,commune,1401,Pozo Almonte,household,"All households with exactly one head (pco1=1), valid v9 (1..11), positive weight; no ownership or v28 restriction.",expc,96,96,0,0,"Complete sampled-commune aggregate, sorted by code; no ranking. Valparaíso/Viña del Mar selected after prior exploration, not confirmatory."
0.0,778.0,,,,12512,756,11756,descriptive_nonrepresentative_no_ci,commune,1402,Camiña,household,"All households with exactly one head (pco1=1), valid v9 (1..11), positive weight; no ownership or v28 restriction.",expc,25,25,0,0,"Complete sampled-commune aggregate, sorted by code; no ranking. Valparaíso/Viña del Mar selected after prior exploration, not confirmatory."
0.0,626.0,,,,12512,756,11756,descriptive_nonrepresentative_no_ci,commune,1403,Colchane,household,"All households with exactly one head (pco1=1), valid v9 (1..11), positive weight; no ownership or v28 restriction.",expc,28,28,0,0,"Complete sampled-commune aggregate, sorted by code; no ranking. Valparaíso/Viña del Mar selected after prior exploration, not confirmatory."
0.0,1426.0,,,,12512,756,11756,descriptive_nonrepresentative_no_ci,commune,1404,Huara,household,"All households with exactly one head (pco1=1), valid v9 (1..11), positive weight; no ownership or v28 restriction.",expc,46,46,0,0,"Complete sampled-commune aggregate, sorted by code; no ranking. Valparaíso/Viña del Mar selected after prior exploration, not confirmatory."
0.0,2262.0,,,,12512,756,11756,descriptive_nonrepresentative_no_ci,commune,1405,Pica,household,"All households with exactly one head (pco1=1), valid v9 (1..11), positive weight; no ownership or v28 restriction.",expc,60,60,0,0,"Complete sampled-commune aggregate, sorted by code; no ranking. Valparaíso/Viña del Mar selected after prior exploration, not confirmatory."
0.010705057216685123,146286.0,,,,12512,756,11756,descriptive_nonrepresentative_no_ci,commune,2101,Antofagasta,household,"All households with exactly one head (pco1=1), valid v9 (1..11), positive weight; no ownership or v28 restriction.",expc,2022,2022,0,0,"Complete sampled-commune aggregate, sorted by code; no ranking. Valparaíso/Viña del Mar selected after prior exploration, not confirmatory."
0.0,5276.0,,,,12512,756,11756,descriptive_nonrepresentative_no_ci,commune,2102,Mejillones,household,"All households with exactly one head (pco1=1), valid v9 (1..11), positive weight; no ownership or v28 restriction.",expc,96,96,0,0,"Complete sampled-commune aggregate, sorted by code; no ranking. Valparaíso/Viña del Mar selected after prior exploration, not confirmatory."
0.0,601.0,,,,12512,756,11756,descriptive_nonrepresentative_no_ci,commune,2103,Sierra Gorda,household,"All households with exactly one head (pco1=1), valid v9 (1..11), positive weight; no ownership or v28 restriction.",expc,37,37,0,0,"Complete sampled-commune aggregate, sorted by code; no ranking. Valparaíso/Viña del Mar selected after prior exploration, not confirmatory."
0.03835499680375026,4693.0,,,,12512,756,11756,descriptive_nonrepresentative_no_ci,commune,2104,Taltal,household,"All households with exactly one head (pco1=1), valid v9 (1..11), positive weight; no ownership or v28 restriction.",expc,72,72,0,0,"Complete sampled-commune aggregate, sorted by code; no ranking. Valparaíso/Viña del Mar selected after prior exploration, not confirmatory."
0.0018652946388323256,64333.0,,,,12512,756,11756,descriptive_nonrepresentative_no_ci,commune,2201,Calama,household,"All households with exactly one head (pco1=1), valid v9 (1..11), positive weight; no ownership or v28 restriction.",expc,1025,1025,0,0,"Complete sampled-commune aggregate, sorted by code; no ranking. Valparaíso/Viña del Mar selected after prior exploration, not confirmatory."
,0.0,,,,0,0,0,no_sample,commune,2202,Ollagüe,household,"All households with exactly one head (pco1=1), valid v9 (1..11), positive weight; no ownership or v28 restriction.",expc,0,0,0,0,Census commune without sampled CASEN households; no sample is not a zero rate.
0.0,4557.0,,,,12512,756,11756,descriptive_nonrepresentative_no_ci,commune,2203,San Pedro de Atacama,household,"All households with exactly one head (pco1=1), valid v9 (1..11), positive weight; no ownership or v28 restriction.",expc,56,56,0,0,"Complete sampled-commune aggregate, sorted by code; no ranking. Valparaíso/Viña del Mar selected after prior exploration, not confirmatory."
0.0,9074.0,,,,12512,756,11756,descriptive_nonrepresentative_no_ci,commune,2301,Tocopilla,household,"All households with exactly one head (pco1=1), valid v9 (1..11), positive weight; no ownership or v28 restriction.",expc,157,157,0,0,"Complete sampled-commune aggregate, sorted by code; no ranking. Valparaíso/Viña del Mar selected after prior exploration, not confirmatory."
0.0,2160.0,,,,12512,756,11756,descriptive_nonrepresentative_no_ci,commune,2302,María Elena,household,"All households with exactly one head (pco1=1), valid v9 (1..11), positive weight; no ownership or v28 restriction.",expc,40,40,0,0,"Complete sampled-commune aggregate, sorted by code; no ranking. Valparaíso/Viña del Mar selected after prior exploration, not confirmatory."
0.0023243844531885575,60231.0,,,,12512,756,11756,descriptive_nonrepresentative_no_ci,commune,3101,Copiapó,household,"All households with exactly one head (pco1=1), valid v9 (1..11), positive weight; no ownership or v28 restriction.",expc,1732,1732,0,0,"Complete sampled-commune aggregate, sorted by code; no ranking. Valparaíso/Viña del Mar selected after prior exploration, not confirmatory."
0.0,7339.0,,,,12512,756,11756,descriptive_nonrepresentative_no_ci,commune,3102,Caldera,household,"All households with exactly one head (pco1=1), valid v9 (1..11), positive weight; no ownership or v28 restriction.",expc,198,198,0,0,"Complete sampled-commune aggregate, sorted by code; no ranking. Valparaíso/Viña del Mar selected after prior exploration, not confirmatory."
0.0,4479.0,,,,12512,756,11756,descriptive_nonrepresentative_no_ci,commune,3103,Tierra Amarilla,household,"All households with exactly one head (pco1=1), valid v9 (1..11), positive weight; no ownership or v28 restriction.",expc,143,143,0,0,"Complete sampled-commune aggregate, sorted by code; no ranking. Valparaíso/Viña del Mar selected after prior exploration, not confirmatory."
0.0,4725.0,,,,12512,756,11756,descriptive_nonrepresentative_no_ci,commune,3201,Chañaral,household,"All households with exactly one head (pco1=1), valid v9 (1..11), positive weight; no ownership or v28 restriction.",expc,134,134,0,0,"Complete sampled-commune aggregate, sorted by code; no ranking. Valparaíso/Viña del Mar selected after prior exploration, not confirmatory."
0.004232164449818622,4962.0,,,,12512,756,11756,descriptive_nonrepresentative_no_ci,commune,3202,Diego de Almagro,household,"All households with exactly one head (pco1=1), valid v9 (1..11), positive weight; no ownership or v28 restriction.",expc,225,225,0,0,"Complete sampled-commune aggregate, sorted by code; no ranking. Valparaíso/Viña del Mar selected after prior exploration, not confirmatory."
0.003028773346794548,19810.0,,,,12512,756,11756,descriptive_nonrepresentative_no_ci,commune,3301,Vallenar,household,"All households with exactly one head (pco1=1), valid v9 (1..11), positive weight; no ownership or v28 restriction.",expc,557,557,0,0,"Complete sampled-commune aggregate, sorted by code; no ranking. Valparaíso/Viña del Mar selected after prior exploration, not confirmatory."
0.0,2358.0,,,,12512,756,11756,descriptive_nonrepresentative_no_ci,commune,3302,Alto del Carmen,household,"All households with exactly one head (pco1=1), valid v9 (1..11), positive weight; no ownership or v28 restriction.",expc,46,46,0,0,"Complete sampled-commune aggregate, sorted by code; no ranking. Valparaíso/Viña del Mar selected after prior exploration, not confirmatory."
0.0,2749.0,,,,12512,756,11756,descriptive_nonrepresentative_no_ci,commune,3303,Freirina,household,"All households with exactly one head (pco1=1), valid v9 (1..11), positive weight; no ownership or v28 restriction.",expc,83,83,0,0,"Complete sampled-commune aggregate, sorted by code; no ranking. Valparaíso/Viña del Mar selected after prior exploration, not confirmatory."
0.0,4204.0,,,,12512,756,11756,descriptive_nonrepresentative_no_ci,commune,3304,Huasco,household,"All households with exactly one head (pco1=1), valid v9 (1..11), positive weight; no ownership or v28 restriction.",expc,139,139,0,0,"Complete sampled-commune aggregate, sorted by code; no ranking. Valparaíso/Viña del Mar selected after prior exploration, not confirmatory."
0.001822943949711891,95450.0,,,,12512,756,11756,descriptive_nonrepresentative_no_ci,commune,4101,La Serena,household,"All households with exactly one head (pco1=1), valid v9 (1..11), positive weight; no ownership or v28 restriction.",expc,1031,1031,0,0,"Complete sampled-commune aggregate, sorted by code; no ranking. Valparaíso/Viña del Mar selected after prior exploration, not confirmatory."
0.0033489478461361907,95851.0,,,,12512,756,11756,descriptive_nonrepresentative_no_ci,commune,4102,Coquimbo,household,"All households with exactly one head (pco1=1), valid v9 (1..11), positive weight; no ownership or v28 restriction.",expc,989,989,0,0,"Complete sampled-commune aggregate, sorted by code; no ranking. Valparaíso/Viña del Mar selected after prior exploration, not confirmatory."
0.0,4159.0,,,,12512,756,11756,descriptive_nonrepresentative_no_ci,commune,4103,Andacollo,household,"All households with exactly one head (pco1=1), valid v9 (1..11), positive weight; no ownership or v28 restriction.",expc,74,74,0,0,"Complete sampled-commune aggregate, sorted by code; no ranking. Valparaíso/Viña del Mar selected after prior exploration, not confirmatory."
0.0,1832.0,,,,12512,756,11756,descriptive_nonrepresentative_no_ci,commune,4104,La Higuera,household,"All households with exactly one head (pco1=1), valid v9 (1..11), positive weight; no ownership or v28 restriction.",expc,70,70,0,0,"Complete sampled-commune aggregate, sorted by code; no ranking. Valparaíso/Viña del Mar selected after prior exploration, not confirmatory."
0.0,2019.0,,,,12512,756,11756,descriptive_nonrepresentative_no_ci,commune,4105,Paiguano,household,"All households with exactly one head (pco1=1), valid v9 (1..11), positive weight; no ownership or v28 restriction.",expc,58,58,0,0,"Complete sampled-commune aggregate, sorted by code; no ranking. Valparaíso/Viña del Mar selected after prior exploration, not confirmatory."
0.0,10927.0,,,,12512,756,11756,descriptive_nonrepresentative_no_ci,commune,4106,Vicuña,household,"All households with exactly one head (pco1=1), valid v9 (1..11), positive weight; no ownership or v28 restriction.",expc,132,132,0,0,"Complete sampled-commune aggregate, sorted by code; no ranking. Valparaíso/Viña del Mar selected after prior exploration, not confirmatory."
0.0,12907.0,,,,12512,756,11756,descriptive_nonrepresentative_no_ci,commune,4201,Illapel,household,"All households with exactly one head (pco1=1), valid v9 (1..11), positive weight; no ownership or v28 restriction.",expc,138,138,0,0,"Complete sampled-commune aggregate, sorted by code; no ranking. Valparaíso/Viña del Mar selected after prior exploration, not confirmatory."
0.0,3542.0,,,,12512,756,11756,descriptive_nonrepresentative_no_ci,commune,4202,Canela,household,"All households with exactly one head (pco1=1), valid v9 (1..11), positive weight; no ownership or v28 restriction.",expc,61,61,0,0,"Complete sampled-commune aggregate, sorted by code; no ranking. Valparaíso/Viña del Mar selected after prior exploration, not confirmatory."
0.01908444555319945,8017.0,,,,12512,756,11756,descriptive_nonrepresentative_no_ci,commune,4203,Los Vilos,household,"All households with exactly one head (pco1=1), valid v9 (1..11), positive weight; no ownership or v28 restriction.",expc,111,111,0,0,"Complete sampled-commune aggregate, sorted by code; no ranking. Valparaíso/Viña del Mar selected after prior exploration, not confirmatory."
0.006224265057933544,10443.0,,,,12512,756,11756,descriptive_nonrepresentative_no_ci,commune,4204,Salamanca,household,"All households with exactly one head (pco1=1), valid v9 (1..11), positive weight; no ownership or v28 restriction.",expc,120,120,0,0,"Complete sampled-commune aggregate, sorted by code; no ranking. Valparaíso/Viña del Mar selected after prior exploration, not confirmatory."
0.014516533351564458,43881.0,,,,12512,756,11756,descriptive_nonrepresentative_no_ci,commune,4301,Ovalle,household,"All households with exactly one head (pco1=1), valid v9 (1..11), positive weight; no ownership or v28 restriction.",expc,494,494,0,0,"Complete sampled-commune aggregate, sorted by code; no ranking. Valparaíso/Viña del Mar selected after prior exploration, not confirmatory."
0.0,6069.0,,,,12512,756,11756,descriptive_nonrepresentative_no_ci,commune,4302,Combarbalá,household,"All households with exactly one head (pco1=1), valid v9 (1..11), positive weight; no ownership or v28 restriction.",expc,85,85,0,0,"Complete sampled-commune aggregate, sorted by code; no ranking. Valparaíso/Viña del Mar selected after prior exploration, not confirmatory."
0.008947368421052631,11400.0,,,,12512,756,11756,descriptive_nonrepresentative_no_ci,commune,4303,Monte Patria,household,"All households with exactly one head (pco1=1), valid v9 (1..11), positive weight; no ownership or v28 restriction.",expc,153,153,0,0,"Complete sampled-commune aggregate, sorted by code; no ranking. Valparaíso/Viña del Mar selected after prior exploration, not confirmatory."
0.0,4383.0,,,,12512,756,11756,descriptive_nonrepresentative_no_ci,commune,4304,Punitaqui,household,"All households with exactly one head (pco1=1), valid v9 (1..11), positive weight; no ownership or v28 restriction.",expc,82,82,0,0,"Complete sampled-commune aggregate, sorted by code; no ranking. Valparaíso/Viña del Mar selected after prior exploration, not confirmatory."
0.0,1914.0,,,,12512,756,11756,descriptive_nonrepresentative_no_ci,commune,4305,Río Hurtado,household,"All households with exactly one head (pco1=1), valid v9 (1..11), positive weight; no ownership or v28 restriction.",expc,40,40,0,0,"Complete sampled-commune aggregate, sorted by code; no ranking. Valparaíso/Viña del Mar selected after prior exploration, not confirmatory."
0.09268113577023498,122560.0,,,,12512,756,11756,descriptive_nonrepresentative_no_ci,commune,5101,Valparaíso,household,"All households with exactly one head (pco1=1), valid v9 (1..11), positive weight; no ownership or v28 restriction.",expc,1329,1329,0,0,"Complete sampled-commune aggregate, sorted by code; no ranking. Valparaíso/Viña del Mar selected after prior exploration, not confirmatory."
0.0638162672476398,11016.0,,,,12512,756,11756,descriptive_nonrepresentative_no_ci,commune,5102,Casablanca,household,"All households with exactly one head (pco1=1), valid v9 (1..11), positive weight; no ownership or v28 restriction.",expc,107,107,0,0,"Complete sampled-commune aggregate, sorted by code; no ranking. Valparaíso/Viña del Mar selected after prior exploration, not confirmatory."
0.0967834577828834,17410.0,,,,12512,756,11756,descriptive_nonrepresentative_no_ci,commune,5103,Concón,household,"All households with exactly one head (pco1=1), valid v9 (1..11), positive weight; no ownership or v28 restriction.",expc,248,248,0,0,"Complete sampled-commune aggregate, sorted by code; no ranking. Valparaíso/Viña del Mar selected after prior exploration, not confirmatory."
,0.0,,,,0,0,0,no_sample,commune,5104,Juan Fernández,household,"All households with exactly one head (pco1=1), valid v9 (1..11), positive weight; no ownership or v28 restriction.",expc,0,0,0,0,Census commune without sampled CASEN households; no sample is not a zero rate.
0.05787619526925013,7948.0,,,,12512,756,11756,descriptive_nonrepresentative_no_ci,commune,5105,Puchuncaví,household,"All households with exactly one head (pco1=1), valid v9 (1..11), positive weight; no ownership or v28 restriction.",expc,99,99,0,0,"Complete sampled-commune aggregate, sorted by code; no ranking. Valparaíso/Viña del Mar selected after prior exploration, not confirmatory."
0.023600955621515964,13813.0,,,,12512,756,11756,descriptive_nonrepresentative_no_ci,commune,5107,Quintero,household,"All households with exactly one head (pco1=1), valid v9 (1..11), positive weight; no ownership or v28 restriction.",expc,133,133,0,0,"Complete sampled-commune aggregate, sorted by code; no ranking. Valparaíso/Viña del Mar selected after prior exploration, not confirmatory."
0.0859948617877048,142462.0,,,,12512,756,11756,descriptive_nonrepresentative_no_ci,commune,5109,Viña del Mar,household,"All households with exactly one head (pco1=1), valid v9 (1..11), positive weight; no ownership or v28 restriction.",expc,1608,1608,0,0,"Complete sampled-commune aggregate, sorted by code; no ranking. Valparaíso/Viña del Mar selected after prior exploration, not confirmatory."
,0.0,,,,0,0,0,no_sample,commune,5201,Isla de Pascua,household,"All households with exactly one head (pco1=1), valid v9 (1..11), positive weight; no ownership or v28 restriction.",expc,0,0,0,0,Census commune without sampled CASEN households; no sample is not a zero rate.
0.0,24389.0,,,,12512,756,11756,descriptive_nonrepresentative_no_ci,commune,5301,Los Andes,household,"All households with exactly one head (pco1=1), valid v9 (1..11), positive weight; no ownership or v28 restriction.",expc,290,290,0,0,"Complete sampled-commune aggregate, sorted by code; no ranking. Valparaíso/Viña del Mar selected after prior exploration, not confirmatory."
0.0,6460.0,,,,12512,756,11756,descriptive_nonrepresentative_no_ci,commune,5302,Calle Larga,household,"All households with exactly one head (pco1=1), valid v9 (1..11), positive weight; no ownership or v28 restriction.",expc,100,100,0,0,"Complete sampled-commune aggregate, sorted by code; no ranking. Valparaíso/Viña del Mar selected after prior exploration, not confirmatory."
0.0,4711.0,,,,12512,756,11756,descriptive_nonrepresentative_no_ci,commune,5303,Rinconada,household,"All households with exactly one head (pco1=1), valid v9 (1..11), positive weight; no ownership or v28 restriction.",expc,62,62,0,0,"Complete sampled-commune aggregate, sorted by code; no ranking. Valparaíso/Viña del Mar selected after prior exploration, not confirmatory."
0.03587664332227546,8139.0,,,,12512,756,11756,descriptive_nonrepresentative_no_ci,commune,5304,San Esteban,household,"All households with exactly one head (pco1=1), valid v9 (1..11), positive weight; no ownership or v28 restriction.",expc,89,89,0,0,"Complete sampled-commune aggregate, sorted by code; no ranking. Valparaíso/Viña del Mar selected after prior exploration, not confirmatory."
0.002022517359940673,14833.0,,,,12512,756,11756,descriptive_nonrepresentative_no_ci,commune,5401,La Ligua,household,"All households with exactly one head (pco1=1), valid v9 (1..11), positive weight; no ownership or v28 restriction.",expc,157,157,0,0,"Complete sampled-commune aggregate, sorted by code; no ranking. Valparaíso/Viña del Mar selected after prior exploration, not confirmatory."
0.016184811177202933,7229.0,,,,12512,756,11756,descriptive_nonrepresentative_no_ci,commune,5402,Cabildo,household,"All households with exactly one head (pco1=1), valid v9 (1..11), positive weight; no ownership or v28 restriction.",expc,98,98,0,0,"Complete sampled-commune aggregate, sorted by code; no ranking. Valparaíso/Viña del Mar selected after prior exploration, not confirmatory."
0.0054917623564653024,2003.0,,,,12512,756,11756,descriptive_nonrepresentative_no_ci,commune,5403,Papudo,household,"All households with exactly one head (pco1=1), valid v9 (1..11), positive weight; no ownership or v28 restriction.",expc,45,45,0,0,"Complete sampled-commune aggregate, sorted by code; no ranking. Valparaíso/Viña del Mar selected after prior exploration, not confirmatory."
0.015292053146151919,3989.0,,,,12512,756,11756,descriptive_nonrepresentative_no_ci,commune,5404,Petorca,household,"All households with exactly one head (pco1=1), valid v9 (1..11), positive weight; no ownership or v28 restriction.",expc,75,75,0,0,"Complete sampled-commune aggregate, sorted by code; no ranking. Valparaíso/Viña del Mar selected after prior exploration, not confirmatory."
0.0,2831.0,,,,12512,756,11756,descriptive_nonrepresentative_no_ci,commune,5405,Zapallar,household,"All households with exactly one head (pco1=1), valid v9 (1..11), positive weight; no ownership or v28 restriction.",expc,62,62,0,0,"Complete sampled-commune aggregate, sorted by code; no ranking. Valparaíso/Viña del Mar selected after prior exploration, not confirmatory."
0.00771889400921659,34720.0,,,,12512,756,11756,descriptive_nonrepresentative_no_ci,commune,5501,Quillota,household,"All households with exactly one head (pco1=1), valid v9 (1..11), positive weight; no ownership or v28 restriction.",expc,311,311,0,0,"Complete sampled-commune aggregate, sorted by code; no ranking. Valparaíso/Viña del Mar selected after prior exploration, not confirmatory."
0.005129053606882859,18132.0,,,,12512,756,11756,descriptive_nonrepresentative_no_ci,commune,5502,Calera,household,"All households with exactly one head (pco1=1), valid v9 (1..11), positive weight; no ownership or v28 restriction.",expc,237,237,0,0,"Complete sampled-commune aggregate, sorted by code; no ranking. Valparaíso/Viña del Mar selected after prior exploration, not confirmatory."
0.007227827134467701,6641.0,,,,12512,756,11756,descriptive_nonrepresentative_no_ci,commune,5503,Hijuelas,household,"All households with exactly one head (pco1=1), valid v9 (1..11), positive weight; no ownership or v28 restriction.",expc,96,96,0,0,"Complete sampled-commune aggregate, sorted by code; no ranking. Valparaíso/Viña del Mar selected after prior exploration, not confirmatory."
0.01829914282962535,10383.0,,,,12512,756,11756,descriptive_nonrepresentative_no_ci,commune,5504,La Cruz,household,"All households with exactly one head (pco1=1), valid v9 (1..11), positive weight; no ownership or v28 restriction.",expc,123,123,0,0,"Complete sampled-commune aggregate, sorted by code; no ranking. Valparaíso/Viña del Mar selected after prior exploration, not confirmatory."
0.059159378036929056,8232.0,,,,12512,756,11756,descriptive_nonrepresentative_no_ci,commune,5506,Nogales,household,"All households with exactly one head (pco1=1), valid v9 (1..11), positive weight; no ownership or v28 restriction.",expc,97,97,0,0,"Complete sampled-commune aggregate, sorted by code; no ranking. Valparaíso/Viña del Mar selected after prior exploration, not confirmatory."
0.0,35940.0,,,,12512,756,11756,descriptive_nonrepresentative_no_ci,commune,5601,San Antonio,household,"All households with exactly one head (pco1=1), valid v9 (1..11), positive weight; no ownership or v28 restriction.",expc,405,405,0,0,"Complete sampled-commune aggregate, sorted by code; no ranking. Valparaíso/Viña del Mar selected after prior exploration, not confirmatory."
0.0,6295.0,,,,12512,756,11756,descriptive_nonrepresentative_no_ci,commune,5602,Algarrobo,household,"All households with exactly one head (pco1=1), valid v9 (1..11), positive weight; no ownership or v28 restriction.",expc,87,87,0,0,"Complete sampled-commune aggregate, sorted by code; no ranking. Valparaíso/Viña del Mar selected after prior exploration, not confirmatory."
0.0,10046.0,,,,12512,756,11756,descriptive_nonrepresentative_no_ci,commune,5603,Cartagena,household,"All households with exactly one head (pco1=1), valid v9 (1..11), positive weight; no ownership or v28 restriction.",expc,146,146,0,0,"Complete sampled-commune aggregate, sorted by code; no ranking. Valparaíso/Viña del Mar selected after prior exploration, not confirmatory."
0.0,7602.0,,,,12512,756,11756,descriptive_nonrepresentative_no_ci,commune,5604,El Quisco,household,"All households with exactly one head (pco1=1), valid v9 (1..11), positive weight; no ownership or v28 restriction.",expc,97,97,0,0,"Complete sampled-commune aggregate, sorted by code; no ranking. Valparaíso/Viña del Mar selected after prior exploration, not confirmatory."
0.011612251767081791,5942.0,,,,12512,756,11756,descriptive_nonrepresentative_no_ci,commune,5605,El Tabo,household,"All households with exactly one head (pco1=1), valid v9 (1..11), positive weight; no ownership or v28 restriction.",expc,97,97,0,0,"Complete sampled-commune aggregate, sorted by code; no ranking. Valparaíso/Viña del Mar selected after prior exploration, not confirmatory."
0.0,3782.0,,,,12512,756,11756,descriptive_nonrepresentative_no_ci,commune,5606,Santo Domingo,household,"All households with exactly one head (pco1=1), valid v9 (1..11), positive weight; no ownership or v28 restriction.",expc,73,73,0,0,"Complete sampled-commune aggregate, sorted by code; no ranking. Valparaíso/Viña del Mar selected after prior exploration, not confirmatory."
0.0,32301.0,,,,12512,756,11756,descriptive_nonrepresentative_no_ci,commune,5701,San Felipe,household,"All households with exactly one head (pco1=1), valid v9 (1..11), positive weight; no ownership or v28 restriction.",expc,316,316,0,0,"Complete sampled-commune aggregate, sorted by code; no ranking. Valparaíso/Viña del Mar selected after prior exploration, not confirmatory."
0.0,4901.0,,,,12512,756,11756,descriptive_nonrepresentative_no_ci,commune,5702,Catemu,household,"All households with exactly one head (pco1=1), valid v9 (1..11), positive weight; no ownership or v28 restriction.",expc,58,58,0,0,"Complete sampled-commune aggregate, sorted by code; no ranking. Valparaíso/Viña del Mar selected after prior exploration, not confirmatory."
0.0,9451.0,,,,12512,756,11756,descriptive_nonrepresentative_no_ci,commune,5703,Llaillay,household,"All households with exactly one head (pco1=1), valid v9 (1..11), positive weight; no ownership or v28 restriction.",expc,113,113,0,0,"Complete sampled-commune aggregate, sorted by code; no ranking. Valparaíso/Viña del Mar selected after prior exploration, not confirmatory."
0.01378309756982227,2757.0,,,,12512,756,11756,descriptive_nonrepresentative_no_ci,commune,5704,Panquehue,household,"All households with exactly one head (pco1=1), valid v9 (1..11), positive weight; no ownership or v28 restriction.",expc,53,53,0,0,"Complete sampled-commune aggregate, sorted by code; no ranking. Valparaíso/Viña del Mar selected after prior exploration, not confirmatory."
0.0,7203.0,,,,12512,756,11756,descriptive_nonrepresentative_no_ci,commune,5705,Putaendo,household,"All households with exactly one head (pco1=1), valid v9 (1..11), positive weight; no ownership or v28 restriction.",expc,69,69,0,0,"Complete sampled-commune aggregate, sorted by code; no ranking. Valparaíso/Viña del Mar selected after prior exploration, not confirmatory."
0.02109181141439206,5642.0,,,,12512,756,11756,descriptive_nonrepresentative_no_ci,commune,5706,Santa María,household,"All households with exactly one head (pco1=1), valid v9 (1..11), positive weight; no ownership or v28 restriction.",expc,94,94,0,0,"Complete sampled-commune aggregate, sorted by code; no ranking. Valparaíso/Viña del Mar selected after prior exploration, not confirmatory."
0.04478105465367113,63509.0,,,,12512,756,11756,descriptive_nonrepresentative_no_ci,commune,5801,Quilpué,household,"All households with exactly one head (pco1=1), valid v9 (1..11), positive weight; no ownership or v28 restriction.",expc,636,636,0,0,"Complete sampled-commune aggregate, sorted by code; no ranking. Valparaíso/Viña del Mar selected after prior exploration, not confirmatory."
0.0037442718229574157,17894.0,,,,12512,756,11756,descriptive_nonrepresentative_no_ci,commune,5802,Limache,household,"All households with exactly one head (pco1=1), valid v9 (1..11), positive weight; no ownership or v28 restriction.",expc,191,191,0,0,"Complete sampled-commune aggregate, sorted by code; no ranking. Valparaíso/Viña del Mar selected after prior exploration, not confirmatory."
0.03545568039950062,8010.0,,,,12512,756,11756,descriptive_nonrepresentative_no_ci,commune,5803,Olmué,household,"All households with exactly one head (pco1=1), valid v9 (1..11), positive weight; no ownership or v28 restriction.",expc,81,81,0,0,"Complete sampled-commune aggregate, sorted by code; no ranking. Valparaíso/Viña del Mar selected after prior exploration, not confirmatory."
0.03801749711845511,52923.0,,,,12512,756,11756,descriptive_nonrepresentative_no_ci,commune,5804,Villa Alemana,household,"All households with exactly one head (pco1=1), valid v9 (1..11), positive weight; no ownership or v28 restriction.",expc,533,533,0,0,"Complete sampled-commune aggregate, sorted by code; no ranking. Valparaíso/Viña del Mar selected after prior exploration, not confirmatory."
0.0014169572601473233,99509.0,,,,12512,756,11756,descriptive_nonrepresentative_no_ci,commune,6101,Rancagua,household,"All households with exactly one head (pco1=1), valid v9 (1..11), positive weight; no ownership or v28 restriction.",expc,1308,1308,0,0,"Complete sampled-commune aggregate, sorted by code; no ranking. Valparaíso/Viña del Mar selected after prior exploration, not confirmatory."
0.01313755795981453,5176.0,,,,12512,756,11756,descriptive_nonrepresentative_no_ci,commune,6102,Codegua,household,"All households with exactly one head (pco1=1), valid v9 (1..11), positive weight; no ownership or v28 restriction.",expc,79,79,0,0,"Complete sampled-commune aggregate, sorted by code; no ranking. Valparaíso/Viña del Mar selected after prior exploration, not confirmatory."
0.024091465904450795,2449.0,,,,12512,756,11756,descriptive_nonrepresentative_no_ci,commune,6103,Coinco,household,"All households with exactly one head (pco1=1), valid v9 (1..11), positive weight; no ownership or v28 restriction.",expc,56,56,0,0,"Complete sampled-commune aggregate, sorted by code; no ranking. Valparaíso/Viña del Mar selected after prior exploration, not confirmatory."
0.0,7762.0,,,,12512,756,11756,descriptive_nonrepresentative_no_ci,commune,6104,Coltauco,household,"All households with exactly one head (pco1=1), valid v9 (1..11), positive weight; no ownership or v28 restriction.",expc,94,94,0,0,"Complete sampled-commune aggregate, sorted by code; no ranking. Valparaíso/Viña del Mar selected after prior exploration, not confirmatory."
0.015277605266426532,8051.0,,,,12512,756,11756,descriptive_nonrepresentative_no_ci,commune,6105,Doñihue,household,"All households with exactly one head (pco1=1), valid v9 (1..11), positive weight; no ownership or v28 restriction.",expc,124,124,0,0,"Complete sampled-commune aggregate, sorted by code; no ranking. Valparaíso/Viña del Mar selected after prior exploration, not confirmatory."
0.0,12824.0,,,,12512,756,11756,descriptive_nonrepresentative_no_ci,commune,6106,Graneros,household,"All households with exactly one head (pco1=1), valid v9 (1..11), positive weight; no ownership or v28 restriction.",expc,200,200,0,0,"Complete sampled-commune aggregate, sorted by code; no ranking. Valparaíso/Viña del Mar selected after prior exploration, not confirmatory."
0.007722007722007722,10360.0,,,,12512,756,11756,descriptive_nonrepresentative_no_ci,commune,6107,Las Cabras,household,"All households with exactly one head (pco1=1), valid v9 (1..11), positive weight; no ownership or v28 restriction.",expc,115,115,0,0,"Complete sampled-commune aggregate, sorted by code; no ranking. Valparaíso/Viña del Mar selected after prior exploration, not confirmatory."
0.011174458380843785,21925.0,,,,12512,756,11756,descriptive_nonrepresentative_no_ci,commune,6108,Machalí,household,"All households with exactly one head (pco1=1), valid v9 (1..11), positive weight; no ownership or v28 restriction.",expc,284,284,0,0,"Complete sampled-commune aggregate, sorted by code; no ranking. Valparaíso/Viña del Mar selected after prior exploration, not confirmatory."
0.0,4984.0,,,,12512,756,11756,descriptive_nonrepresentative_no_ci,commune,6109,Malloa,household,"All households with exactly one head (pco1=1), valid v9 (1..11), positive weight; no ownership or v28 restriction.",expc,76,76,0,0,"Complete sampled-commune aggregate, sorted by code; no ranking. Valparaíso/Viña del Mar selected after prior exploration, not confirmatory."
0.026095617529880478,10040.0,,,,12512,756,11756,descriptive_nonrepresentative_no_ci,commune,6110,Mostazal,household,"All households with exactly one head (pco1=1), valid v9 (1..11), positive weight; no ownership or v28 restriction.",expc,143,143,0,0,"Complete sampled-commune aggregate, sorted by code; no ranking. Valparaíso/Viña del Mar selected after prior exploration, not confirmatory."
0.0,4813.0,,,,12512,756,11756,descriptive_nonrepresentative_no_ci,commune,6111,Olivar,household,"All households with exactly one head (pco1=1), valid v9 (1..11), positive weight; no ownership or v28 restriction.",expc,104,104,0,0,"Complete sampled-commune aggregate, sorted by code; no ranking. Valparaíso/Viña del Mar selected after prior exploration, not confirmatory."
0.0,6364.0,,,,12512,756,11756,descriptive_nonrepresentative_no_ci,commune,6112,Peumo,household,"All households with exactly one head (pco1=1), valid v9 (1..11), positive weight; no ownership or v28 restriction.",expc,103,103,0,0,"Complete sampled-commune aggregate, sorted by code; no ranking. Valparaíso/Viña del Mar selected after prior exploration, not confirmatory."
0.0,7834.0,,,,12512,756,11756,descriptive_nonrepresentative_no_ci,commune,6113,Pichidegua,household,"All households with exactly one head (pco1=1), valid v9 (1..11), positive weight; no ownership or v28 restriction.",expc,98,98,0,0,"Complete sampled-commune aggregate, sorted by code; no ranking. Valparaíso/Viña del Mar selected after prior exploration, not confirmatory."
0.0,5164.0,,,,12512,756,11756,descriptive_nonrepresentative_no_ci,commune,6114,Quinta de Tilcoco,household,"All households with exactly one head (pco1=1), valid v9 (1..11), positive weight; no ownership or v28 restriction.",expc,75,75,0,0,"Complete sampled-commune aggregate, sorted by code; no ranking. Valparaíso/Viña del Mar selected after prior exploration, not confirmatory."
0.004820499809717113,23649.0,,,,12512,756,11756,descriptive_nonrepresentative_no_ci,commune,6115,Rengo,household,"All households with exactly one head (pco1=1), valid v9 (1..11), positive weight; no ownership or v28 restriction.",expc,281,281,0,0,"Complete sampled-commune aggregate, sorted by code; no ranking. Valparaíso/Viña del Mar selected after prior exploration, not confirmatory."
0.029212566299469604,12255.0,,,,12512,756,11756,descriptive_nonrepresentative_no_ci,commune,6116,Requínoa,household,"All households with exactly one head (pco1=1), valid v9 (1..11), positive weight; no ownership or v28 restriction.",expc,130,130,0,0,"Complete sampled-commune aggregate, sorted by code; no ranking. Valparaíso/Viña del Mar selected after prior exploration, not confirmatory."
0.01927382458872773,20546.0,,,,12512,756,11756,descriptive_nonrepresentative_no_ci,commune,6117,San Vicente,household,"All households with exactly one head (pco1=1), valid v9 (1..11), positive weight; no ownership or v28 restriction.",expc,278,278,0,0,"Complete sampled-commune aggregate, sorted by code; no ranking. Valparaíso/Viña del Mar selected after prior exploration, not confirmatory."
0.009718670076726343,7820.0,,,,12512,756,11756,descriptive_nonrepresentative_no_ci,commune,6201,Pichilemu,household,"All households with exactly one head (pco1=1), valid v9 (1..11), positive weight; no ownership or v28 restriction.",expc,167,167,0,0,"Complete sampled-commune aggregate, sorted by code; no ranking. Valparaíso/Viña del Mar selected after prior exploration, not confirmatory."
0.0,1240.0,,,,12512,756,11756,descriptive_nonrepresentative_no_ci,commune,6202,La Estrella,household,"All households with exactly one head (pco1=1), valid v9 (1..11), positive weight; no ownership or v28 restriction.",expc,50,50,0,0,"Complete sampled-commune aggregate, sorted by code; no ranking. Valparaíso/Viña del Mar selected after prior exploration, not confirmatory."
0.0,3006.0,,,,12512,756,11756,descriptive_nonrepresentative_no_ci,commune,6203,Litueche,household,"All households with exactly one head (pco1=1), valid v9 (1..11), positive weight; no ownership or v28 restriction.",expc,48,48,0,0,"Complete sampled-commune aggregate, sorted by code; no ranking. Valparaíso/Viña del Mar selected after prior exploration, not confirmatory."
0.0,2970.0,,,,12512,756,11756,descriptive_nonrepresentative_no_ci,commune,6204,Marchihue,household,"All households with exactly one head (pco1=1), valid v9 (1..11), positive weight; no ownership or v28 restriction.",expc,64,64,0,0,"Complete sampled-commune aggregate, sorted by code; no ranking. Valparaíso/Viña del Mar selected after prior exploration, not confirmatory."
0.0,2959.0,,,,12512,756,11756,descriptive_nonrepresentative_no_ci,commune,6205,Navidad,household,"All households with exactly one head (pco1=1), valid v9 (1..11), positive weight; no ownership or v28 restriction.",expc,30,30,0,0,"Complete sampled-commune aggregate, sorted by code; no ranking. Valparaíso/Viña del Mar selected after prior exploration, not confirmatory."
0.0,2642.0,,,,12512,756,11756,descriptive_nonrepresentative_no_ci,commune,6206,Paredones,household,"All households with exactly one head (pco1=1), valid v9 (1..11), positive weight; no ownership or v28 restriction.",expc,59,59,0,0,"Complete sampled-commune aggregate, sorted by code; no ranking. Valparaíso/Viña del Mar selected after prior exploration, not confirmatory."
0.0026263952724885093,28937.0,,,,12512,756,11756,descriptive_nonrepresentative_no_ci,commune,6301,San Fernando,household,"All households with exactly one head (pco1=1), valid v9 (1..11), positive weight; no ownership or v28 restriction.",expc,429,429,0,0,"Complete sampled-commune aggregate, sorted by code; no ranking. Valparaíso/Viña del Mar selected after prior exploration, not confirmatory."
0.0,6001.0,,,,12512,756,11756,descriptive_nonrepresentative_no_ci,commune,6302,Chépica,household,"All households with exactly one head (pco1=1), valid v9 (1..11), positive weight; no ownership or v28 restriction.",expc,93,93,0,0,"Complete sampled-commune aggregate, sorted by code; no ranking. Valparaíso/Viña del Mar selected after prior exploration, not confirmatory."
0.004840605767236014,14461.0,,,,12512,756,11756,descriptive_nonrepresentative_no_ci,commune,6303,Chimbarongo,household,"All households with exactly one head (pco1=1), valid v9 (1..11), positive weight; no ownership or v28 restriction.",expc,182,182,0,0,"Complete sampled-commune aggregate, sorted by code; no ranking. Valparaíso/Viña del Mar selected after prior exploration, not confirmatory."
0.017796870205584535,3259.0,,,,12512,756,11756,descriptive_nonrepresentative_no_ci,commune,6304,Lolol,household,"All households with exactly one head (pco1=1), valid v9 (1..11), positive weight; no ownership or v28 restriction.",expc,59,59,0,0,"Complete sampled-commune aggregate, sorted by code; no ranking. Valparaíso/Viña del Mar selected after prior exploration, not confirmatory."
0.0,6908.0,,,,12512,756,11756,descriptive_nonrepresentative_no_ci,commune,6305,Nancagua,household,"All households with exactly one head (pco1=1), valid v9 (1..11), positive weight; no ownership or v28 restriction.",expc,105,105,0,0,"Complete sampled-commune aggregate, sorted by code; no ranking. Valparaíso/Viña del Mar selected after prior exploration, not confirmatory."
0.0,5466.0,,,,12512,756,11756,descriptive_nonrepresentative_no_ci,commune,6306,Palmilla,household,"All households with exactly one head (pco1=1), valid v9 (1..11), positive weight; no ownership or v28 restriction.",expc,71,71,0,0,"Complete sampled-commune aggregate, sorted by code; no ranking. Valparaíso/Viña del Mar selected after prior exploration, not confirmatory."
0.0,4500.0,,,,12512,756,11756,descriptive_nonrepresentative_no_ci,commune,6307,Peralillo,household,"All households with exactly one head (pco1=1), valid v9 (1..11), positive weight; no ownership or v28 restriction.",expc,76,76,0,0,"Complete sampled-commune aggregate, sorted by code; no ranking. Valparaíso/Viña del Mar selected after prior exploration, not confirmatory."
0.017753201396973225,3436.0,,,,12512,756,11756,descriptive_nonrepresentative_no_ci,commune,6308,Placilla,household,"All households with exactly one head (pco1=1), valid v9 (1..11), positive weight; no ownership or v28 restriction.",expc,59,59,0,0,"Complete sampled-commune aggregate, sorted by code; no ranking. Valparaíso/Viña del Mar selected after prior exploration, not confirmatory."
0.0,1558.0,,,,12512,756,11756,descriptive_nonrepresentative_no_ci,commune,6309,Pumanque,household,"All households with exactly one head (pco1=1), valid v9 (1..11), positive weight; no ownership or v28 restriction.",expc,41,41,0,0,"Complete sampled-commune aggregate, sorted by code; no ranking. Valparaíso/Viña del Mar selected after prior exploration, not confirmatory."
0.004893964110929853,16551.0,,,,12512,756,11756,descriptive_nonrepresentative_no_ci,commune,6310,Santa Cruz,household,"All households with exactly one head (pco1=1), valid v9 (1..11), positive weight; no ownership or v28 restriction.",expc,243,243,0,0,"Complete sampled-commune aggregate, sorted by code; no ranking. Valparaíso/Viña del Mar selected after prior exploration, not confirmatory."
0.007826492841092887,92123.0,,,,12512,756,11756,descriptive_nonrepresentative_no_ci,commune,7101,Talca,household,"All households with exactly one head (pco1=1), valid v9 (1..11), positive weight; no ownership or v28 restriction.",expc,1075,1075,0,0,"Complete sampled-commune aggregate, sorted by code; no ranking. Valparaíso/Viña del Mar selected after prior exploration, not confirmatory."
0.0,20240.0,,,,12512,756,11756,descriptive_nonrepresentative_no_ci,commune,7102,Constitución,household,"All households with exactly one head (pco1=1), valid v9 (1..11), positive weight; no ownership or v28 restriction.",expc,231,231,0,0,"Complete sampled-commune aggregate, sorted by code; no ranking. Valparaíso/Viña del Mar selected after prior exploration, not confirmatory."
0.0,4135.0,,,,12512,756,11756,descriptive_nonrepresentative_no_ci,commune,7103,Curepto,household,"All households with exactly one head (pco1=1), valid v9 (1..11), positive weight; no ownership or v28 restriction.",expc,67,67,0,0,"Complete sampled-commune aggregate, sorted by code; no ranking. Valparaíso/Viña del Mar selected after prior exploration, not confirmatory."
0.0,1609.0,,,,12512,756,11756,descriptive_nonrepresentative_no_ci,commune,7104,Empedrado,household,"All households with exactly one head (pco1=1), valid v9 (1..11), positive weight; no ownership or v28 restriction.",expc,36,36,0,0,"Complete sampled-commune aggregate, sorted by code; no ranking. Valparaíso/Viña del Mar selected after prior exploration, not confirmatory."
0.006169709263015551,23664.0,,,,12512,756,11756,descriptive_nonrepresentative_no_ci,commune,7105,Maule,household,"All households with exactly one head (pco1=1), valid v9 (1..11), positive weight; no ownership or v28 restriction.",expc,270,270,0,0,"Complete sampled-commune aggregate, sorted by code; no ranking. Valparaíso/Viña del Mar selected after prior exploration, not confirmatory."
0.0,3181.0,,,,12512,756,11756,descriptive_nonrepresentative_no_ci,commune,7106,Pelarco,household,"All households with exactly one head (pco1=1), valid v9 (1..11), positive weight; no ownership or v28 restriction.",expc,55,55,0,0,"Complete sampled-commune aggregate, sorted by code; no ranking. Valparaíso/Viña del Mar selected after prior exploration, not confirmatory."
0.0,3685.0,,,,12512,756,11756,descriptive_nonrepresentative_no_ci,commune,7107,Pencahue,household,"All households with exactly one head (pco1=1), valid v9 (1..11), positive weight; no ownership or v28 restriction.",expc,65,65,0,0,"Complete sampled-commune aggregate, sorted by code; no ranking. Valparaíso/Viña del Mar selected after prior exploration, not confirmatory."
0.0,5726.0,,,,12512,756,11756,descriptive_nonrepresentative_no_ci,commune,7108,Río Claro,household,"All households with exactly one head (pco1=1), valid v9 (1..11), positive weight; no ownership or v28 restriction.",expc,81,81,0,0,"Complete sampled-commune aggregate, sorted by code; no ranking. Valparaíso/Viña del Mar selected after prior exploration, not confirmatory."
0.0,18371.0,,,,12512,756,11756,descriptive_nonrepresentative_no_ci,commune,7109,San Clemente,household,"All households with exactly one head (pco1=1), valid v9 (1..11), positive weight; no ownership or v28 restriction.",expc,209,209,0,0,"Complete sampled-commune aggregate, sorted by code; no ranking. Valparaíso/Viña del Mar selected after prior exploration, not confirmatory."
0.0,3383.0,,,,12512,756,11756,descriptive_nonrepresentative_no_ci,commune,7110,San Rafael,household,"All households with exactly one head (pco1=1), valid v9 (1..11), positive weight; no ownership or v28 restriction.",expc,75,75,0,0,"Complete sampled-commune aggregate, sorted by code; no ranking. Valparaíso/Viña del Mar selected after prior exploration, not confirmatory."
0.0,17778.0,,,,12512,756,11756,descriptive_nonrepresentative_no_ci,commune,7201,Cauquenes,household,"All households with exactly one head (pco1=1), valid v9 (1..11), positive weight; no ownership or v28 restriction.",expc,190,190,0,0,"Complete sampled-commune aggregate, sorted by code; no ranking. Valparaíso/Viña del Mar selected after prior exploration, not confirmatory."
0.0,3216.0,,,,12512,756,11756,descriptive_nonrepresentative_no_ci,commune,7202,Chanco,household,"All households with exactly one head (pco1=1), valid v9 (1..11), positive weight; no ownership or v28 restriction.",expc,79,79,0,0,"Complete sampled-commune aggregate, sorted by code; no ranking. Valparaíso/Viña del Mar selected after prior exploration, not confirmatory."
0.0,3544.0,,,,12512,756,11756,descriptive_nonrepresentative_no_ci,commune,7203,Pelluhue,household,"All households with exactly one head (pco1=1), valid v9 (1..11), positive weight; no ownership or v28 restriction.",expc,92,92,0,0,"Complete sampled-commune aggregate, sorted by code; no ranking. Valparaíso/Viña del Mar selected after prior exploration, not confirmatory."
0.0008976519315264807,63499.0,,,,12512,756,11756,descriptive_nonrepresentative_no_ci,commune,7301,Curicó,household,"All households with exactly one head (pco1=1), valid v9 (1..11), positive weight; no ownership or v28 restriction.",expc,818,818,0,0,"Complete sampled-commune aggregate, sorted by code; no ranking. Valparaíso/Viña del Mar selected after prior exploration, not confirmatory."
0.0,3894.0,,,,12512,756,11756,descriptive_nonrepresentative_no_ci,commune,7302,Hualañé,household,"All households with exactly one head (pco1=1), valid v9 (1..11), positive weight; no ownership or v28 restriction.",expc,78,78,0,0,"Complete sampled-commune aggregate, sorted by code; no ranking. Valparaíso/Viña del Mar selected after prior exploration, not confirmatory."
0.0,3000.0,,,,12512,756,11756,descriptive_nonrepresentative_no_ci,commune,7303,Licantén,household,"All households with exactly one head (pco1=1), valid v9 (1..11), positive weight; no ownership or v28 restriction.",expc,78,78,0,0,"Complete sampled-commune aggregate, sorted by code; no ranking. Valparaíso/Viña del Mar selected after prior exploration, not confirmatory."
0.0,18738.0,,,,12512,756,11756,descriptive_nonrepresentative_no_ci,commune,7304,Molina,household,"All households with exactly one head (pco1=1), valid v9 (1..11), positive weight; no ownership or v28 restriction.",expc,267,267,0,0,"Complete sampled-commune aggregate, sorted by code; no ranking. Valparaíso/Viña del Mar selected after prior exploration, not confirmatory."
0.011150852093414685,4753.0,,,,12512,756,11756,descriptive_nonrepresentative_no_ci,commune,7305,Rauco,household,"All households with exactly one head (pco1=1), valid v9 (1..11), positive weight; no ownership or v28 restriction.",expc,87,87,0,0,"Complete sampled-commune aggregate, sorted by code; no ranking. Valparaíso/Viña del Mar selected after prior exploration, not confirmatory."
0.0,6061.0,,,,12512,756,11756,descriptive_nonrepresentative_no_ci,commune,7306,Romeral,household,"All households with exactly one head (pco1=1), valid v9 (1..11), positive weight; no ownership or v28 restriction.",expc,85,85,0,0,"Complete sampled-commune aggregate, sorted by code; no ranking. Valparaíso/Viña del Mar selected after prior exploration, not confirmatory."
0.0,7618.0,,,,12512,756,11756,descriptive_nonrepresentative_no_ci,commune,7307,Sagrada Familia,household,"All households with exactly one head (pco1=1), valid v9 (1..11), positive weight; no ownership or v28 restriction.",expc,98,98,0,0,"Complete sampled-commune aggregate, sorted by code; no ranking. Valparaíso/Viña del Mar selected after prior exploration, not confirmatory."
0.0,11951.0,,,,12512,756,11756,descriptive_nonrepresentative_no_ci,commune,7308,Teno,household,"All households with exactly one head (pco1=1), valid v9 (1..11), positive weight; no ownership or v28 restriction.",expc,151,151,0,0,"Complete sampled-commune aggregate, sorted by code; no ranking. Valparaíso/Viña del Mar selected after prior exploration, not confirmatory."
0.0,1411.0,,,,12512,756,11756,descriptive_nonrepresentative_no_ci,commune,7309,Vichuquén,household,"All households with exactly one head (pco1=1), valid v9 (1..11), positive weight; no ownership or v28 restriction.",expc,36,36,0,0,"Complete sampled-commune aggregate, sorted by code; no ranking. Valparaíso/Viña del Mar selected after prior exploration, not confirmatory."
0.0,42096.0,,,,12512,756,11756,descriptive_nonrepresentative_no_ci,commune,7401,Linares,household,"All households with exactly one head (pco1=1), valid v9 (1..11), positive weight; no ownership or v28 restriction.",expc,392,392,0,0,"Complete sampled-commune aggregate, sorted by code; no ranking. Valparaíso/Viña del Mar selected after prior exploration, not confirmatory."
0.0,10100.0,,,,12512,756,11756,descriptive_nonrepresentative_no_ci,commune,7402,Colbún,household,"All households with exactly one head (pco1=1), valid v9 (1..11), positive weight; no ownership or v28 restriction.",expc,103,103,0,0,"Complete sampled-commune aggregate, sorted by code; no ranking. Valparaíso/Viña del Mar selected after prior exploration, not confirmatory."
0.005420054200542005,12915.0,,,,12512,756,11756,descriptive_nonrepresentative_no_ci,commune,7403,Longaví,household,"All households with exactly one head (pco1=1), valid v9 (1..11), positive weight; no ownership or v28 restriction.",expc,130,130,0,0,"Complete sampled-commune aggregate, sorted by code; no ranking. Valparaíso/Viña del Mar selected after prior exploration, not confirmatory."
0.0,18667.0,,,,12512,756,11756,descriptive_nonrepresentative_no_ci,commune,7404,Parral,household,"All households with exactly one head (pco1=1), valid v9 (1..11), positive weight; no ownership or v28 restriction.",expc,181,181,0,0,"Complete sampled-commune aggregate, sorted by code; no ranking. Valparaíso/Viña del Mar selected after prior exploration, not confirmatory."
0.0,8140.0,,,,12512,756,11756,descriptive_nonrepresentative_no_ci,commune,7405,Retiro,household,"All households with exactly one head (pco1=1), valid v9 (1..11), positive weight; no ownership or v28 restriction.",expc,105,105,0,0,"Complete sampled-commune aggregate, sorted by code; no ranking. Valparaíso/Viña del Mar selected after prior exploration, not confirmatory."
0.00483766395690988,20051.0,,,,12512,756,11756,descriptive_nonrepresentative_no_ci,commune,7406,San Javier,household,"All households with exactly one head (pco1=1), valid v9 (1..11), positive weight; no ownership or v28 restriction.",expc,259,259,0,0,"Complete sampled-commune aggregate, sorted by code; no ranking. Valparaíso/Viña del Mar selected after prior exploration, not confirmatory."
0.0,6742.0,,,,12512,756,11756,descriptive_nonrepresentative_no_ci,commune,7407,Villa Alegre,household,"All households with exactly one head (pco1=1), valid v9 (1..11), positive weight; no ownership or v28 restriction.",expc,87,87,0,0,"Complete sampled-commune aggregate, sorted by code; no ranking. Valparaíso/Viña del Mar selected after prior exploration, not confirmatory."
0.0,7170.0,,,,12512,756,11756,descriptive_nonrepresentative_no_ci,commune,7408,Yerbas Buenas,household,"All households with exactly one head (pco1=1), valid v9 (1..11), positive weight; no ownership or v28 restriction.",expc,98,98,0,0,"Complete sampled-commune aggregate, sorted by code; no ranking. Valparaíso/Viña del Mar selected after prior exploration, not confirmatory."
0.012672955974842767,95400.0,,,,12512,756,11756,descriptive_nonrepresentative_no_ci,commune,8101,Concepción,household,"All households with exactly one head (pco1=1), valid v9 (1..11), positive weight; no ownership or v28 restriction.",expc,1203,1203,0,0,"Complete sampled-commune aggregate, sorted by code; no ranking. Valparaíso/Viña del Mar selected after prior exploration, not confirmatory."
0.0,45635.0,,,,12512,756,11756,descriptive_nonrepresentative_no_ci,commune,8102,Coronel,household,"All households with exactly one head (pco1=1), valid v9 (1..11), positive weight; no ownership or v28 restriction.",expc,600,600,0,0,"Complete sampled-commune aggregate, sorted by code; no ranking. Valparaíso/Viña del Mar selected after prior exploration, not confirmatory."
0.007934730443129099,31255.0,,,,12512,756,11756,descriptive_nonrepresentative_no_ci,commune,8103,Chiguayante,household,"All households with exactly one head (pco1=1), valid v9 (1..11), positive weight; no ownership or v28 restriction.",expc,407,407,0,0,"Complete sampled-commune aggregate, sorted by code; no ranking. Valparaíso/Viña del Mar selected after prior exploration, not confirmatory."
0.019222172552525705,4474.0,,,,12512,756,11756,descriptive_nonrepresentative_no_ci,commune,8104,Florida,household,"All households with exactly one head (pco1=1), valid v9 (1..11), positive weight; no ownership or v28 restriction.",expc,70,70,0,0,"Complete sampled-commune aggregate, sorted by code; no ranking. Valparaíso/Viña del Mar selected after prior exploration, not confirmatory."
0.0183558669693082,10133.0,,,,12512,756,11756,descriptive_nonrepresentative_no_ci,commune,8105,Hualqui,household,"All households with exactly one head (pco1=1), valid v9 (1..11), positive weight; no ownership or v28 restriction.",expc,141,141,0,0,"Complete sampled-commune aggregate, sorted by code; no ranking. Valparaíso/Viña del Mar selected after prior exploration, not confirmatory."
0.0,16362.0,,,,12512,756,11756,descriptive_nonrepresentative_no_ci,commune,8106,Lota,household,"All households with exactly one head (pco1=1), valid v9 (1..11), positive weight; no ownership or v28 restriction.",expc,194,194,0,0,"Complete sampled-commune aggregate, sorted by code; no ranking. Valparaíso/Viña del Mar selected after prior exploration, not confirmatory."
0.015360628284344863,17317.0,,,,12512,756,11756,descriptive_nonrepresentative_no_ci,commune,8107,Penco,household,"All households with exactly one head (pco1=1), valid v9 (1..11), positive weight; no ownership or v28 restriction.",expc,225,225,0,0,"Complete sampled-commune aggregate, sorted by code; no ranking. Valparaíso/Viña del Mar selected after prior exploration, not confirmatory."
0.0029190502311731057,51044.0,,,,12512,756,11756,descriptive_nonrepresentative_no_ci,commune,8108,San Pedro de la Paz,household,"All households with exactly one head (pco1=1), valid v9 (1..11), positive weight; no ownership or v28 restriction.",expc,632,632,0,0,"Complete sampled-commune aggregate, sorted by code; no ranking. Valparaíso/Viña del Mar selected after prior exploration, not confirmatory."
0.010241404535479151,5468.0,,,,12512,756,11756,descriptive_nonrepresentative_no_ci,commune,8109,Santa Juana,household,"All households with exactly one head (pco1=1), valid v9 (1..11), positive weight; no ownership or v28 restriction.",expc,81,81,0,0,"Complete sampled-commune aggregate, sorted by code; no ranking. Valparaíso/Viña del Mar selected after prior exploration, not confirmatory."
0.0069510771516502175,56538.0,,,,12512,756,11756,descriptive_nonrepresentative_no_ci,commune,8110,Talcahuano,household,"All households with exactly one head (pco1=1), valid v9 (1..11), positive weight; no ownership or v28 restriction.",expc,673,673,0,0,"Complete sampled-commune aggregate, sorted by code; no ranking. Valparaíso/Viña del Mar selected after prior exploration, not confirmatory."
0.006801503490245212,22348.0,,,,12512,756,11756,descriptive_nonrepresentative_no_ci,commune,8111,Tomé,household,"All households with exactly one head (pco1=1), valid v9 (1..11), positive weight; no ownership or v28 restriction.",expc,279,279,0,0,"Complete sampled-commune aggregate, sorted by code; no ranking. Valparaíso/Viña del Mar selected after prior exploration, not confirmatory."
0.0,34851.0,,,,12512,756,11756,descriptive_nonrepresentative_no_ci,commune,8112,Hualpén,household,"All households with exactly one head (pco1=1), valid v9 (1..11), positive weight; no ownership or v28 restriction.",expc,446,446,0,0,"Complete sampled-commune aggregate, sorted by code; no ranking. Valparaíso/Viña del Mar selected after prior exploration, not confirmatory."
0.0,9001.0,,,,12512,756,11756,descriptive_nonrepresentative_no_ci,commune,8201,Lebu,household,"All households with exactly one head (pco1=1), valid v9 (1..11), positive weight; no ownership or v28 restriction.",expc,145,145,0,0,"Complete sampled-commune aggregate, sorted by code; no ranking. Valparaíso/Viña del Mar selected after prior exploration, not confirmatory."
0.0,13746.0,,,,12512,756,11756,descriptive_nonrepresentative_no_ci,commune,8202,Arauco,household,"All households with exactly one head (pco1=1), valid v9 (1..11), positive weight; no ownership or v28 restriction.",expc,165,165,0,0,"Complete sampled-commune aggregate, sorted by code; no ranking. Valparaíso/Viña del Mar selected after prior exploration, not confirmatory."
0.0,13932.0,,,,12512,756,11756,descriptive_nonrepresentative_no_ci,commune,8203,Cañete,household,"All households with exactly one head (pco1=1), valid v9 (1..11), positive weight; no ownership or v28 restriction.",expc,161,161,0,0,"Complete sampled-commune aggregate, sorted by code; no ranking. Valparaíso/Viña del Mar selected after prior exploration, not confirmatory."
0.0,2289.0,,,,12512,756,11756,descriptive_nonrepresentative_no_ci,commune,8204,Contulmo,household,"All households with exactly one head (pco1=1), valid v9 (1..11), positive weight; no ownership or v28 restriction.",expc,51,51,0,0,"Complete sampled-commune aggregate, sorted by code; no ranking. Valparaíso/Viña del Mar selected after prior exploration, not confirmatory."
0.0,12126.0,,,,12512,756,11756,descriptive_nonrepresentative_no_ci,commune,8205,Curanilahue,household,"All households with exactly one head (pco1=1), valid v9 (1..11), positive weight; no ownership or v28 restriction.",expc,181,181,0,0,"Complete sampled-commune aggregate, sorted by code; no ranking. Valparaíso/Viña del Mar selected after prior exploration, not confirmatory."
0.0,8722.0,,,,12512,756,11756,descriptive_nonrepresentative_no_ci,commune,8206,Los Álamos,household,"All households with exactly one head (pco1=1), valid v9 (1..11), positive weight; no ownership or v28 restriction.",expc,125,125,0,0,"Complete sampled-commune aggregate, sorted by code; no ranking. Valparaíso/Viña del Mar selected after prior exploration, not confirmatory."
0.0,3441.0,,,,12512,756,11756,descriptive_nonrepresentative_no_ci,commune,8207,Tirúa,household,"All households with exactly one head (pco1=1), valid v9 (1..11), positive weight; no ownership or v28 restriction.",expc,64,64,0,0,"Complete sampled-commune aggregate, sorted by code; no ranking. Valparaíso/Viña del Mar selected after prior exploration, not confirmatory."
0.011895784173011896,82214.0,,,,12512,756,11756,descriptive_nonrepresentative_no_ci,commune,8301,Los Angeles,household,"All households with exactly one head (pco1=1), valid v9 (1..11), positive weight; no ownership or v28 restriction.",expc,1060,1060,0,0,"Complete sampled-commune aggregate, sorted by code; no ranking. Valparaíso/Viña del Mar selected after prior exploration, not confirmatory."
0.0,1572.0,,,,12512,756,11756,descriptive_nonrepresentative_no_ci,commune,8302,Antuco,household,"All households with exactly one head (pco1=1), valid v9 (1..11), positive weight; no ownership or v28 restriction.",expc,56,56,0,0,"Complete sampled-commune aggregate, sorted by code; no ranking. Valparaíso/Viña del Mar selected after prior exploration, not confirmatory."
0.0066514806378132115,10975.0,,,,12512,756,11756,descriptive_nonrepresentative_no_ci,commune,8303,Cabrero,household,"All households with exactly one head (pco1=1), valid v9 (1..11), positive weight; no ownership or v28 restriction.",expc,146,146,0,0,"Complete sampled-commune aggregate, sorted by code; no ranking. Valparaíso/Viña del Mar selected after prior exploration, not confirmatory."
0.0,8865.0,,,,12512,756,11756,descriptive_nonrepresentative_no_ci,commune,8304,Laja,household,"All households with exactly one head (pco1=1), valid v9 (1..11), positive weight; no ownership or v28 restriction.",expc,110,110,0,0,"Complete sampled-commune aggregate, sorted by code; no ranking. Valparaíso/Viña del Mar selected after prior exploration, not confirmatory."
0.013044277053095719,10886.0,,,,12512,756,11756,descriptive_nonrepresentative_no_ci,commune,8305,Mulchén,household,"All households with exactly one head (pco1=1), valid v9 (1..11), positive weight; no ownership or v28 restriction.",expc,152,152,0,0,"Complete sampled-commune aggregate, sorted by code; no ranking. Valparaíso/Viña del Mar selected after prior exploration, not confirmatory."
0.005320258710619654,9586.0,,,,12512,756,11756,descriptive_nonrepresentative_no_ci,commune,8306,Nacimiento,household,"All households with exactly one head (pco1=1), valid v9 (1..11), positive weight; no ownership or v28 restriction.",expc,155,155,0,0,"Complete sampled-commune aggregate, sorted by code; no ranking. Valparaíso/Viña del Mar selected after prior exploration, not confirmatory."
0.011401064099315936,3947.0,,,,12512,756,11756,descriptive_nonrepresentative_no_ci,commune,8307,Negrete,household,"All households with exactly one head (pco1=1), valid v9 (1..11), positive weight; no ownership or v28 restriction.",expc,77,77,0,0,"Complete sampled-commune aggregate, sorted by code; no ranking. Valparaíso/Viña del Mar selected after prior exploration, not confirmatory."
0.0,1596.0,,,,12512,756,11756,descriptive_nonrepresentative_no_ci,commune,8308,Quilaco,household,"All households with exactly one head (pco1=1), valid v9 (1..11), positive weight; no ownership or v28 restriction.",expc,61,61,0,0,"Complete sampled-commune aggregate, sorted by code; no ranking. Valparaíso/Viña del Mar selected after prior exploration, not confirmatory."
0.053597436644334404,3433.0,,,,12512,756,11756,descriptive_nonrepresentative_no_ci,commune,8309,Quilleco,household,"All households with exactly one head (pco1=1), valid v9 (1..11), positive weight; no ownership or v28 restriction.",expc,73,73,0,0,"Complete sampled-commune aggregate, sorted by code; no ranking. Valparaíso/Viña del Mar selected after prior exploration, not confirmatory."
0.0,1309.0,,,,12512,756,11756,descriptive_nonrepresentative_no_ci,commune,8310,San Rosendo,household,"All households with exactly one head (pco1=1), valid v9 (1..11), positive weight; no ownership or v28 restriction.",expc,46,46,0,0,"Complete sampled-commune aggregate, sorted by code; no ranking. Valparaíso/Viña del Mar selected after prior exploration, not confirmatory."
0.0,5745.0,,,,12512,756,11756,descriptive_nonrepresentative_no_ci,commune,8311,Santa Bárbara,household,"All households with exactly one head (pco1=1), valid v9 (1..11), positive weight; no ownership or v28 restriction.",expc,80,80,0,0,"Complete sampled-commune aggregate, sorted by code; no ranking. Valparaíso/Viña del Mar selected after prior exploration, not confirmatory."
0.0,6321.0,,,,12512,756,11756,descriptive_nonrepresentative_no_ci,commune,8312,Tucapel,household,"All households with exactly one head (pco1=1), valid v9 (1..11), positive weight; no ownership or v28 restriction.",expc,114,114,0,0,"Complete sampled-commune aggregate, sorted by code; no ranking. Valparaíso/Viña del Mar selected after prior exploration, not confirmatory."
0.00740990232401482,8907.0,,,,12512,756,11756,descriptive_nonrepresentative_no_ci,commune,8313,Yumbel,household,"All households with exactly one head (pco1=1), valid v9 (1..11), positive weight; no ownership or v28 restriction.",expc,102,102,0,0,"Complete sampled-commune aggregate, sorted by code; no ranking. Valparaíso/Viña del Mar selected after prior exploration, not confirmatory."
0.056612749762131306,2102.0,,,,12512,756,11756,descriptive_nonrepresentative_no_ci,commune,8314,Alto Biobío,household,"All households with exactly one head (pco1=1), valid v9 (1..11), positive weight; no ownership or v28 restriction.",expc,49,49,0,0,"Complete sampled-commune aggregate, sorted by code; no ranking. Valparaíso/Viña del Mar selected after prior exploration, not confirmatory."
0.005955402158833283,118212.0,,,,12512,756,11756,descriptive_nonrepresentative_no_ci,commune,9101,Temuco,household,"All households with exactly one head (pco1=1), valid v9 (1..11), positive weight; no ownership or v28 restriction.",expc,1671,1671,0,0,"Complete sampled-commune aggregate, sorted by code; no ranking. Valparaíso/Viña del Mar selected after prior exploration, not confirmatory."
0.023414732187719826,9951.0,,,,12512,756,11756,descriptive_nonrepresentative_no_ci,commune,9102,Carahue,household,"All households with exactly one head (pco1=1), valid v9 (1..11), positive weight; no ownership or v28 restriction.",expc,123,123,0,0,"Complete sampled-commune aggregate, sorted by code; no ranking. Valparaíso/Viña del Mar selected after prior exploration, not confirmatory."
0.034682879646262266,7237.0,,,,12512,756,11756,descriptive_nonrepresentative_no_ci,commune,9103,Cunco,household,"All households with exactly one head (pco1=1), valid v9 (1..11), positive weight; no ownership or v28 restriction.",expc,115,115,0,0,"Complete sampled-commune aggregate, sorted by code; no ranking. Valparaíso/Viña del Mar selected after prior exploration, not confirmatory."
0.05173521850899743,3112.0,,,,12512,756,11756,descriptive_nonrepresentative_no_ci,commune,9104,Curarrehue,household,"All households with exactly one head (pco1=1), valid v9 (1..11), positive weight; no ownership or v28 restriction.",expc,62,62,0,0,"Complete sampled-commune aggregate, sorted by code; no ranking. Valparaíso/Viña del Mar selected after prior exploration, not confirmatory."
0.07089902892346246,9577.0,,,,12512,756,11756,descriptive_nonrepresentative_no_ci,commune,9105,Freire,household,"All households with exactly one head (pco1=1), valid v9 (1..11), positive weight; no ownership or v28 restriction.",expc,136,136,0,0,"Complete sampled-commune aggregate, sorted by code; no ranking. Valparaíso/Viña del Mar selected after prior exploration, not confirmatory."
0.0,5008.0,,,,12512,756,11756,descriptive_nonrepresentative_no_ci,commune,9106,Galvarino,household,"All households with exactly one head (pco1=1), valid v9 (1..11), positive weight; no ownership or v28 restriction.",expc,52,52,0,0,"Complete sampled-commune aggregate, sorted by code; no ranking. Valparaíso/Viña del Mar selected after prior exploration, not confirmatory."
0.024962178517397883,6610.0,,,,12512,756,11756,descriptive_nonrepresentative_no_ci,commune,9107,Gorbea,household,"All households with exactly one head (pco1=1), valid v9 (1..11), positive weight; no ownership or v28 restriction.",expc,92,92,0,0,"Complete sampled-commune aggregate, sorted by code; no ranking. Valparaíso/Viña del Mar selected after prior exploration, not confirmatory."
0.007363770250368188,14259.0,,,,12512,756,11756,descriptive_nonrepresentative_no_ci,commune,9108,Lautaro,household,"All households with exactly one head (pco1=1), valid v9 (1..11), positive weight; no ownership or v28 restriction.",expc,202,202,0,0,"Complete sampled-commune aggregate, sorted by code; no ranking. Valparaíso/Viña del Mar selected after prior exploration, not confirmatory."
0.0,9660.0,,,,12512,756,11756,descriptive_nonrepresentative_no_ci,commune,9109,Loncoche,household,"All households with exactly one head (pco1=1), valid v9 (1..11), positive weight; no ownership or v28 restriction.",expc,123,123,0,0,"Complete sampled-commune aggregate, sorted by code; no ranking. Valparaíso/Viña del Mar selected after prior exploration, not confirmatory."
0.02283464566929134,2540.0,,,,12512,756,11756,descriptive_nonrepresentative_no_ci,commune,9110,Melipeuco,household,"All households with exactly one head (pco1=1), valid v9 (1..11), positive weight; no ownership or v28 restriction.",expc,56,56,0,0,"Complete sampled-commune aggregate, sorted by code; no ranking. Valparaíso/Viña del Mar selected after prior exploration, not confirmatory."
0.012784415189102808,13141.0,,,,12512,756,11756,descriptive_nonrepresentative_no_ci,commune,9111,Nueva Imperial,household,"All households with exactly one head (pco1=1), valid v9 (1..11), positive weight; no ownership or v28 restriction.",expc,154,154,0,0,"Complete sampled-commune aggregate, sorted by code; no ranking. Valparaíso/Viña del Mar selected after prior exploration, not confirmatory."
0.0043412275438534575,28333.0,,,,12512,756,11756,descriptive_nonrepresentative_no_ci,commune,9112,Padre Las Casas,household,"All households with exactly one head (pco1=1), valid v9 (1..11), positive weight; no ownership or v28 restriction.",expc,386,386,0,0,"Complete sampled-commune aggregate, sorted by code; no ranking. Valparaíso/Viña del Mar selected after prior exploration, not confirmatory."
0.0,2646.0,,,,12512,756,11756,descriptive_nonrepresentative_no_ci,commune,9113,Perquenco,household,"All households with exactly one head (pco1=1), valid v9 (1..11), positive weight; no ownership or v28 restriction.",expc,54,54,0,0,"Complete sampled-commune aggregate, sorted by code; no ranking. Valparaíso/Viña del Mar selected after prior exploration, not confirmatory."
0.01624902114330462,10216.0,,,,12512,756,11756,descriptive_nonrepresentative_no_ci,commune,9114,Pitrufquén,household,"All households with exactly one head (pco1=1), valid v9 (1..11), positive weight; no ownership or v28 restriction.",expc,139,139,0,0,"Complete sampled-commune aggregate, sorted by code; no ranking. Valparaíso/Viña del Mar selected after prior exploration, not confirmatory."
0.02720348204570185,11028.0,,,,12512,756,11756,descriptive_nonrepresentative_no_ci,commune,9115,Pucón,household,"All households with exactly one head (pco1=1), valid v9 (1..11), positive weight; no ownership or v28 restriction.",expc,134,134,0,0,"Complete sampled-commune aggregate, sorted by code; no ranking. Valparaíso/Viña del Mar selected after prior exploration, not confirmatory."
0.0708955223880597,4824.0,,,,12512,756,11756,descriptive_nonrepresentative_no_ci,commune,9116,Saavedra,household,"All households with exactly one head (pco1=1), valid v9 (1..11), positive weight; no ownership or v28 restriction.",expc,80,80,0,0,"Complete sampled-commune aggregate, sorted by code; no ranking. Valparaíso/Viña del Mar selected after prior exploration, not confirmatory."
0.0,6275.0,,,,12512,756,11756,descriptive_nonrepresentative_no_ci,commune,9117,Teodoro Schmidt,household,"All households with exactly one head (pco1=1), valid v9 (1..11), positive weight; no ownership or v28 restriction.",expc,81,81,0,0,"Complete sampled-commune aggregate, sorted by code; no ranking. Valparaíso/Viña del Mar selected after prior exploration, not confirmatory."
0.0,3601.0,,,,12512,756,11756,descriptive_nonrepresentative_no_ci,commune,9118,Toltén,household,"All households with exactly one head (pco1=1), valid v9 (1..11), positive weight; no ownership or v28 restriction.",expc,67,67,0,0,"Complete sampled-commune aggregate, sorted by code; no ranking. Valparaíso/Viña del Mar selected after prior exploration, not confirmatory."
0.0,12278.0,,,,12512,756,11756,descriptive_nonrepresentative_no_ci,commune,9119,Vilcún,household,"All households with exactly one head (pco1=1), valid v9 (1..11), positive weight; no ownership or v28 restriction.",expc,157,157,0,0,"Complete sampled-commune aggregate, sorted by code; no ranking. Valparaíso/Viña del Mar selected after prior exploration, not confirmatory."
0.027381108345342593,22899.0,,,,12512,756,11756,descriptive_nonrepresentative_no_ci,commune,9120,Villarrica,household,"All households with exactly one head (pco1=1), valid v9 (1..11), positive weight; no ownership or v28 restriction.",expc,317,317,0,0,"Complete sampled-commune aggregate, sorted by code; no ranking. Valparaíso/Viña del Mar selected after prior exploration, not confirmatory."
0.0,4865.0,,,,12512,756,11756,descriptive_nonrepresentative_no_ci,commune,9121,Cholchol,household,"All households with exactly one head (pco1=1), valid v9 (1..11), positive weight; no ownership or v28 restriction.",expc,48,48,0,0,"Complete sampled-commune aggregate, sorted by code; no ranking. Valparaíso/Viña del Mar selected after prior exploration, not confirmatory."
0.0,20964.0,,,,12512,756,11756,descriptive_nonrepresentative_no_ci,commune,9201,Angol,household,"All households with exactly one head (pco1=1), valid v9 (1..11), positive weight; no ownership or v28 restriction.",expc,248,248,0,0,"Complete sampled-commune aggregate, sorted by code; no ranking. Valparaíso/Viña del Mar selected after prior exploration, not confirmatory."
0.020136275805959523,9833.0,,,,12512,756,11756,descriptive_nonrepresentative_no_ci,commune,9202,Collipulli,household,"All households with exactly one head (pco1=1), valid v9 (1..11), positive weight; no ownership or v28 restriction.",expc,126,126,0,0,"Complete sampled-commune aggregate, sorted by code; no ranking. Valparaíso/Viña del Mar selected after prior exploration, not confirmatory."
0.0,7528.0,,,,12512,756,11756,descriptive_nonrepresentative_no_ci,commune,9203,Curacautín,household,"All households with exactly one head (pco1=1), valid v9 (1..11), positive weight; no ownership or v28 restriction.",expc,112,112,0,0,"Complete sampled-commune aggregate, sorted by code; no ranking. Valparaíso/Viña del Mar selected after prior exploration, not confirmatory."
0.0,2471.0,,,,12512,756,11756,descriptive_nonrepresentative_no_ci,commune,9204,Ercilla,household,"All households with exactly one head (pco1=1), valid v9 (1..11), positive weight; no ownership or v28 restriction.",expc,69,69,0,0,"Complete sampled-commune aggregate, sorted by code; no ranking. Valparaíso/Viña del Mar selected after prior exploration, not confirmatory."
0.037162162162162164,4736.0,,,,12512,756,11756,descriptive_nonrepresentative_no_ci,commune,9205,Lonquimay,household,"All households with exactly one head (pco1=1), valid v9 (1..11), positive weight; no ownership or v28 restriction.",expc,89,89,0,0,"Complete sampled-commune aggregate, sorted by code; no ranking. Valparaíso/Viña del Mar selected after prior exploration, not confirmatory."
0.0,2897.0,,,,12512,756,11756,descriptive_nonrepresentative_no_ci,commune,9206,Los Sauces,household,"All households with exactly one head (pco1=1), valid v9 (1..11), positive weight; no ownership or v28 restriction.",expc,63,63,0,0,"Complete sampled-commune aggregate, sorted by code; no ranking. Valparaíso/Viña del Mar selected after prior exploration, not confirmatory."
0.0,4158.0,,,,12512,756,11756,descriptive_nonrepresentative_no_ci,commune,9207,Lumaco,household,"All households with exactly one head (pco1=1), valid v9 (1..11), positive weight; no ownership or v28 restriction.",expc,70,70,0,0,"Complete sampled-commune aggregate, sorted by code; no ranking. Valparaíso/Viña del Mar selected after prior exploration, not confirmatory."
0.0,4630.0,,,,12512,756,11756,descriptive_nonrepresentative_no_ci,commune,9208,Purén,household,"All households with exactly one head (pco1=1), valid v9 (1..11), positive weight; no ownership or v28 restriction.",expc,88,88,0,0,"Complete sampled-commune aggregate, sorted by code; no ranking. Valparaíso/Viña del Mar selected after prior exploration, not confirmatory."
0.03488909426987061,4328.0,,,,12512,756,11756,descriptive_nonrepresentative_no_ci,commune,9209,Renaico,household,"All households with exactly one head (pco1=1), valid v9 (1..11), positive weight; no ownership or v28 restriction.",expc,74,74,0,0,"Complete sampled-commune aggregate, sorted by code; no ranking. Valparaíso/Viña del Mar selected after prior exploration, not confirmatory."
0.0,8246.0,,,,12512,756,11756,descriptive_nonrepresentative_no_ci,commune,9210,Traiguén,household,"All households with exactly one head (pco1=1), valid v9 (1..11), positive weight; no ownership or v28 restriction.",expc,126,126,0,0,"Complete sampled-commune aggregate, sorted by code; no ranking. Valparaíso/Viña del Mar selected after prior exploration, not confirmatory."
0.0,12187.0,,,,12512,756,11756,descriptive_nonrepresentative_no_ci,commune,9211,Victoria,household,"All households with exactly one head (pco1=1), valid v9 (1..11), positive weight; no ownership or v28 restriction.",expc,144,144,0,0,"Complete sampled-commune aggregate, sorted by code; no ranking. Valparaíso/Viña del Mar selected after prior exploration, not confirmatory."
0.0046715672322926996,101893.0,,,,12512,756,11756,descriptive_nonrepresentative_no_ci,commune,10101,Puerto Montt,household,"All households with exactly one head (pco1=1), valid v9 (1..11), positive weight; no ownership or v28 restriction.",expc,1261,1261,0,0,"Complete sampled-commune aggregate, sorted by code; no ranking. Valparaíso/Viña del Mar selected after prior exploration, not confirmatory."
0.023862414905051952,13955.0,,,,12512,756,11756,descriptive_nonrepresentative_no_ci,commune,10102,Calbuco,household,"All households with exactly one head (pco1=1), valid v9 (1..11), positive weight; no ownership or v28 restriction.",expc,149,149,0,0,"Complete sampled-commune aggregate, sorted by code; no ranking. Valparaíso/Viña del Mar selected after prior exploration, not confirmatory."
,0.0,,,,0,0,0,no_sample,commune,10103,Cochamó,household,"All households with exactly one head (pco1=1), valid v9 (1..11), positive weight; no ownership or v28 restriction.",expc,0,0,0,0,Census commune without sampled CASEN households; no sample is not a zero rate.
0.0,4900.0,,,,12512,756,11756,descriptive_nonrepresentative_no_ci,commune,10104,Fresia,household,"All households with exactly one head (pco1=1), valid v9 (1..11), positive weight; no ownership or v28 restriction.",expc,94,94,0,0,"Complete sampled-commune aggregate, sorted by code; no ranking. Valparaíso/Viña del Mar selected after prior exploration, not confirmatory."
0.03557046979865772,7450.0,,,,12512,756,11756,descriptive_nonrepresentative_no_ci,commune,10105,Frutillar,household,"All households with exactly one head (pco1=1), valid v9 (1..11), positive weight; no ownership or v28 restriction.",expc,108,108,0,0,"Complete sampled-commune aggregate, sorted by code; no ranking. Valparaíso/Viña del Mar selected after prior exploration, not confirmatory."
0.0,7075.0,,,,12512,756,11756,descriptive_nonrepresentative_no_ci,commune,10106,Los Muermos,household,"All households with exactly one head (pco1=1), valid v9 (1..11), positive weight; no ownership or v28 restriction.",expc,102,102,0,0,"Complete sampled-commune aggregate, sorted by code; no ranking. Valparaíso/Viña del Mar selected after prior exploration, not confirmatory."
0.0,7014.0,,,,12512,756,11756,descriptive_nonrepresentative_no_ci,commune,10107,Llanquihue,household,"All households with exactly one head (pco1=1), valid v9 (1..11), positive weight; no ownership or v28 restriction.",expc,99,99,0,0,"Complete sampled-commune aggregate, sorted by code; no ranking. Valparaíso/Viña del Mar selected after prior exploration, not confirmatory."
0.03686781156451867,6347.0,,,,12512,756,11756,descriptive_nonrepresentative_no_ci,commune,10108,Maullín,household,"All households with exactly one head (pco1=1), valid v9 (1..11), positive weight; no ownership or v28 restriction.",expc,80,80,0,0,"Complete sampled-commune aggregate, sorted by code; no ranking. Valparaíso/Viña del Mar selected after prior exploration, not confirmatory."
0.0,18738.0,,,,12512,756,11756,descriptive_nonrepresentative_no_ci,commune,10109,Puerto Varas,household,"All households with exactly one head (pco1=1), valid v9 (1..11), positive weight; no ownership or v28 restriction.",expc,257,257,0,0,"Complete sampled-commune aggregate, sorted by code; no ranking. Valparaíso/Viña del Mar selected after prior exploration, not confirmatory."
0.0,19806.0,,,,12512,756,11756,descriptive_nonrepresentative_no_ci,commune,10201,Castro,household,"All households with exactly one head (pco1=1), valid v9 (1..11), positive weight; no ownership or v28 restriction.",expc,191,191,0,0,"Complete sampled-commune aggregate, sorted by code; no ranking. Valparaíso/Viña del Mar selected after prior exploration, not confirmatory."
0.0061540336339263955,16412.0,,,,12512,756,11756,descriptive_nonrepresentative_no_ci,commune,10202,Ancud,household,"All households with exactly one head (pco1=1), valid v9 (1..11), positive weight; no ownership or v28 restriction.",expc,197,197,0,0,"Complete sampled-commune aggregate, sorted by code; no ranking. Valparaíso/Viña del Mar selected after prior exploration, not confirmatory."
0.0,7408.0,,,,12512,756,11756,descriptive_nonrepresentative_no_ci,commune,10203,Chonchi,household,"All households with exactly one head (pco1=1), valid v9 (1..11), positive weight; no ownership or v28 restriction.",expc,83,83,0,0,"Complete sampled-commune aggregate, sorted by code; no ranking. Valparaíso/Viña del Mar selected after prior exploration, not confirmatory."
0.0,1406.0,,,,12512,756,11756,descriptive_nonrepresentative_no_ci,commune,10204,Curaco de Vélez,household,"All households with exactly one head (pco1=1), valid v9 (1..11), positive weight; no ownership or v28 restriction.",expc,49,49,0,0,"Complete sampled-commune aggregate, sorted by code; no ranking. Valparaíso/Viña del Mar selected after prior exploration, not confirmatory."
0.016614935183494613,5477.0,,,,12512,756,11756,descriptive_nonrepresentative_no_ci,commune,10205,Dalcahue,household,"All households with exactly one head (pco1=1), valid v9 (1..11), positive weight; no ownership or v28 restriction.",expc,74,74,0,0,"Complete sampled-commune aggregate, sorted by code; no ranking. Valparaíso/Viña del Mar selected after prior exploration, not confirmatory."
0.0,1728.0,,,,12512,756,11756,descriptive_nonrepresentative_no_ci,commune,10206,Puqueldón,household,"All households with exactly one head (pco1=1), valid v9 (1..11), positive weight; no ownership or v28 restriction.",expc,49,49,0,0,"Complete sampled-commune aggregate, sorted by code; no ranking. Valparaíso/Viña del Mar selected after prior exploration, not confirmatory."
0.019011406844106463,2367.0,,,,12512,756,11756,descriptive_nonrepresentative_no_ci,commune,10207,Queilén,household,"All households with exactly one head (pco1=1), valid v9 (1..11), positive weight; no ownership or v28 restriction.",expc,60,60,0,0,"Complete sampled-commune aggregate, sorted by code; no ranking. Valparaíso/Viña del Mar selected after prior exploration, not confirmatory."
0.0,12163.0,,,,12512,756,11756,descriptive_nonrepresentative_no_ci,commune,10208,Quellón,household,"All households with exactly one head (pco1=1), valid v9 (1..11), positive weight; no ownership or v28 restriction.",expc,107,107,0,0,"Complete sampled-commune aggregate, sorted by code; no ranking. Valparaíso/Viña del Mar selected after prior exploration, not confirmatory."
0.01171754548257786,3243.0,,,,12512,756,11756,descriptive_nonrepresentative_no_ci,commune,10209,Quemchi,household,"All households with exactly one head (pco1=1), valid v9 (1..11), positive weight; no ownership or v28 restriction.",expc,64,64,0,0,"Complete sampled-commune aggregate, sorted by code; no ranking. Valparaíso/Viña del Mar selected after prior exploration, not confirmatory."
0.0,3072.0,,,,12512,756,11756,descriptive_nonrepresentative_no_ci,commune,10210,Quinchao,household,"All households with exactly one head (pco1=1), valid v9 (1..11), positive weight; no ownership or v28 restriction.",expc,65,65,0,0,"Complete sampled-commune aggregate, sorted by code; no ranking. Valparaíso/Viña del Mar selected after prior exploration, not confirmatory."
0.007655093070592053,67798.0,,,,12512,756,11756,descriptive_nonrepresentative_no_ci,commune,10301,Osorno,household,"All households with exactly one head (pco1=1), valid v9 (1..11), positive weight; no ownership or v28 restriction.",expc,769,769,0,0,"Complete sampled-commune aggregate, sorted by code; no ranking. Valparaíso/Viña del Mar selected after prior exploration, not confirmatory."
0.021270396270396272,3432.0,,,,12512,756,11756,descriptive_nonrepresentative_no_ci,commune,10302,Puerto Octay,household,"All households with exactly one head (pco1=1), valid v9 (1..11), positive weight; no ownership or v28 restriction.",expc,54,54,0,0,"Complete sampled-commune aggregate, sorted by code; no ranking. Valparaíso/Viña del Mar selected after prior exploration, not confirmatory."
0.0,7938.0,,,,12512,756,11756,descriptive_nonrepresentative_no_ci,commune,10303,Purranque,household,"All households with exactly one head (pco1=1), valid v9 (1..11), positive weight; no ownership or v28 restriction.",expc,93,93,0,0,"Complete sampled-commune aggregate, sorted by code; no ranking. Valparaíso/Viña del Mar selected after prior exploration, not confirmatory."
0.008741660915573959,4347.0,,,,12512,756,11756,descriptive_nonrepresentative_no_ci,commune,10304,Puyehue,household,"All households with exactly one head (pco1=1), valid v9 (1..11), positive weight; no ownership or v28 restriction.",expc,69,69,0,0,"Complete sampled-commune aggregate, sorted by code; no ranking. Valparaíso/Viña del Mar selected after prior exploration, not confirmatory."
0.01655881233346022,5254.0,,,,12512,756,11756,descriptive_nonrepresentative_no_ci,commune,10305,Río Negro,household,"All households with exactly one head (pco1=1), valid v9 (1..11), positive weight; no ownership or v28 restriction.",expc,66,66,0,0,"Complete sampled-commune aggregate, sorted by code; no ranking. Valparaíso/Viña del Mar selected after prior exploration, not confirmatory."
0.0,3086.0,,,,12512,756,11756,descriptive_nonrepresentative_no_ci,commune,10306,San Juan de la Costa,household,"All households with exactly one head (pco1=1), valid v9 (1..11), positive weight; no ownership or v28 restriction.",expc,67,67,0,0,"Complete sampled-commune aggregate, sorted by code; no ranking. Valparaíso/Viña del Mar selected after prior exploration, not confirmatory."
0.01531058617672791,4572.0,,,,12512,756,11756,descriptive_nonrepresentative_no_ci,commune,10307,San Pablo,household,"All households with exactly one head (pco1=1), valid v9 (1..11), positive weight; no ownership or v28 restriction.",expc,73,73,0,0,"Complete sampled-commune aggregate, sorted by code; no ranking. Valparaíso/Viña del Mar selected after prior exploration, not confirmatory."
,0.0,,,,0,0,0,no_sample,commune,10401,Chaitén,household,"All households with exactly one head (pco1=1), valid v9 (1..11), positive weight; no ownership or v28 restriction.",expc,0,0,0,0,Census commune without sampled CASEN households; no sample is not a zero rate.
,0.0,,,,0,0,0,no_sample,commune,10402,Futaleufú,household,"All households with exactly one head (pco1=1), valid v9 (1..11), positive weight; no ownership or v28 restriction.",expc,0,0,0,0,Census commune without sampled CASEN households; no sample is not a zero rate.
,0.0,,,,0,0,0,no_sample,commune,10403,Hualaihué,household,"All households with exactly one head (pco1=1), valid v9 (1..11), positive weight; no ownership or v28 restriction.",expc,0,0,0,0,Census commune without sampled CASEN households; no sample is not a zero rate.
,0.0,,,,0,0,0,no_sample,commune,10404,Palena,household,"All households with exactly one head (pco1=1), valid v9 (1..11), positive weight; no ownership or v28 restriction.",expc,0,0,0,0,Census commune without sampled CASEN households; no sample is not a zero rate.
0.0018760977167491617,25052.0,,,,12512,756,11756,descriptive_nonrepresentative_no_ci,commune,11101,Coihaique,household,"All households with exactly one head (pco1=1), valid v9 (1..11), positive weight; no ownership or v28 restriction.",expc,1038,1038,0,0,"Complete sampled-commune aggregate, sorted by code; no ranking. Valparaíso/Viña del Mar selected after prior exploration, not confirmatory."
0.0,749.0,,,,12512,756,11756,descriptive_nonrepresentative_no_ci,commune,11102,Lago Verde,household,"All households with exactly one head (pco1=1), valid v9 (1..11), positive weight; no ownership or v28 restriction.",expc,13,13,0,0,"Complete sampled-commune aggregate, sorted by code; no ranking. Valparaíso/Viña del Mar selected after prior exploration, not confirmatory."
0.002008032128514056,9960.0,,,,12512,756,11756,descriptive_nonrepresentative_no_ci,commune,11201,Aisén,household,"All households with exactly one head (pco1=1), valid v9 (1..11), positive weight; no ownership or v28 restriction.",expc,387,387,0,0,"Complete sampled-commune aggregate, sorted by code; no ranking. Valparaíso/Viña del Mar selected after prior exploration, not confirmatory."
0.0,2706.0,,,,12512,756,11756,descriptive_nonrepresentative_no_ci,commune,11202,Cisnes,household,"All households with exactly one head (pco1=1), valid v9 (1..11), positive weight; no ownership or v28 restriction.",expc,105,105,0,0,"Complete sampled-commune aggregate, sorted by code; no ranking. Valparaíso/Viña del Mar selected after prior exploration, not confirmatory."
,0.0,,,,0,0,0,no_sample,commune,11203,Guaitecas,household,"All households with exactly one head (pco1=1), valid v9 (1..11), positive weight; no ownership or v28 restriction.",expc,0,0,0,0,Census commune without sampled CASEN households; no sample is not a zero rate.
0.0,1737.0,,,,12512,756,11756,descriptive_nonrepresentative_no_ci,commune,11301,Cochrane,household,"All households with exactly one head (pco1=1), valid v9 (1..11), positive weight; no ownership or v28 restriction.",expc,44,44,0,0,"Complete sampled-commune aggregate, sorted by code; no ranking. Valparaíso/Viña del Mar selected after prior exploration, not confirmatory."
,0.0,,,,0,0,0,no_sample,commune,11302,O'Higgins,household,"All households with exactly one head (pco1=1), valid v9 (1..11), positive weight; no ownership or v28 restriction.",expc,0,0,0,0,Census commune without sampled CASEN households; no sample is not a zero rate.
0.0,290.0,,,,12512,756,11756,descriptive_nonrepresentative_no_ci,commune,11303,Tortel,household,"All households with exactly one head (pco1=1), valid v9 (1..11), positive weight; no ownership or v28 restriction.",expc,24,24,0,0,"Complete sampled-commune aggregate, sorted by code; no ranking. Valparaíso/Viña del Mar selected after prior exploration, not confirmatory."
0.0,2293.0,,,,12512,756,11756,descriptive_nonrepresentative_no_ci,commune,11401,Chile Chico,household,"All households with exactly one head (pco1=1), valid v9 (1..11), positive weight; no ownership or v28 restriction.",expc,75,75,0,0,"Complete sampled-commune aggregate, sorted by code; no ranking. Valparaíso/Viña del Mar selected after prior exploration, not confirmatory."
0.0,1343.0,,,,12512,756,11756,descriptive_nonrepresentative_no_ci,commune,11402,Río Ibáñez,household,"All households with exactly one head (pco1=1), valid v9 (1..11), positive weight; no ownership or v28 restriction.",expc,67,67,0,0,"Complete sampled-commune aggregate, sorted by code; no ranking. Valparaíso/Viña del Mar selected after prior exploration, not confirmatory."
0.0008933836010506191,55967.0,,,,12512,756,11756,descriptive_nonrepresentative_no_ci,commune,12101,Punta Arenas,household,"All households with exactly one head (pco1=1), valid v9 (1..11), positive weight; no ownership or v28 restriction.",expc,1791,1791,0,0,"Complete sampled-commune aggregate, sorted by code; no ranking. Valparaíso/Viña del Mar selected after prior exploration, not confirmatory."
0.0,117.0,,,,12512,756,11756,descriptive_nonrepresentative_no_ci,commune,12102,Laguna Blanca,household,"All households with exactly one head (pco1=1), valid v9 (1..11), positive weight; no ownership or v28 restriction.",expc,12,12,0,0,"Complete sampled-commune aggregate, sorted by code; no ranking. Valparaíso/Viña del Mar selected after prior exploration, not confirmatory."
0.0,120.0,,,,12512,756,11756,descriptive_nonrepresentative_no_ci,commune,12103,Río Verde,household,"All households with exactly one head (pco1=1), valid v9 (1..11), positive weight; no ownership or v28 restriction.",expc,12,12,0,0,"Complete sampled-commune aggregate, sorted by code; no ranking. Valparaíso/Viña del Mar selected after prior exploration, not confirmatory."
0.0,452.0,,,,12512,756,11756,descriptive_nonrepresentative_no_ci,commune,12104,San Gregorio,household,"All households with exactly one head (pco1=1), valid v9 (1..11), positive weight; no ownership or v28 restriction.",expc,18,18,0,0,"Complete sampled-commune aggregate, sorted by code; no ranking. Valparaíso/Viña del Mar selected after prior exploration, not confirmatory."
0.0,807.0,,,,12512,756,11756,descriptive_nonrepresentative_no_ci,commune,12201,Cabo de Hornos,household,"All households with exactly one head (pco1=1), valid v9 (1..11), positive weight; no ownership or v28 restriction.",expc,16,16,0,0,"Complete sampled-commune aggregate, sorted by code; no ranking. Valparaíso/Viña del Mar selected after prior exploration, not confirmatory."
,0.0,,,,0,0,0,no_sample,commune,12202,Antártica,household,"All households with exactly one head (pco1=1), valid v9 (1..11), positive weight; no ownership or v28 restriction.",expc,0,0,0,0,Census commune without sampled CASEN households; no sample is not a zero rate.
0.011374715632109197,3077.0,,,,12512,756,11756,descriptive_nonrepresentative_no_ci,commune,12301,Porvenir,household,"All households with exactly one head (pco1=1), valid v9 (1..11), positive weight; no ownership or v28 restriction.",expc,109,109,0,0,"Complete sampled-commune aggregate, sorted by code; no ranking. Valparaíso/Viña del Mar selected after prior exploration, not confirmatory."
0.0,367.0,,,,12512,756,11756,descriptive_nonrepresentative_no_ci,commune,12302,Primavera,household,"All households with exactly one head (pco1=1), valid v9 (1..11), positive weight; no ownership or v28 restriction.",expc,19,19,0,0,"Complete sampled-commune aggregate, sorted by code; no ranking. Valparaíso/Viña del Mar selected after prior exploration, not confirmatory."
0.0,126.0,,,,12512,756,11756,descriptive_nonrepresentative_no_ci,commune,12303,Timaukel,household,"All households with exactly one head (pco1=1), valid v9 (1..11), positive weight; no ownership or v28 restriction.",expc,18,18,0,0,"Complete sampled-commune aggregate, sorted by code; no ranking. Valparaíso/Viña del Mar selected after prior exploration, not confirmatory."
0.005296394377673661,9818.0,,,,12512,756,11756,descriptive_nonrepresentative_no_ci,commune,12401,Natales,household,"All households with exactly one head (pco1=1), valid v9 (1..11), positive weight; no ownership or v28 restriction.",expc,349,349,0,0,"Complete sampled-commune aggregate, sorted by code; no ranking. Valparaíso/Viña del Mar selected after prior exploration, not confirmatory."
0.0,516.0,,,,12512,756,11756,descriptive_nonrepresentative_no_ci,commune,12402,Torres del Paine,household,"All households with exactly one head (pco1=1), valid v9 (1..11), positive weight; no ownership or v28 restriction.",expc,10,10,0,0,"Complete sampled-commune aggregate, sorted by code; no ranking. Valparaíso/Viña del Mar selected after prior exploration, not confirmatory."
0.0011307155071838392,250284.0,,,,12512,756,11756,descriptive_nonrepresentative_no_ci,commune,13101,Santiago,household,"All households with exactly one head (pco1=1), valid v9 (1..11), positive weight; no ownership or v28 restriction.",expc,1065,1065,0,0,"Complete sampled-commune aggregate, sorted by code; no ranking. Valparaíso/Viña del Mar selected after prior exploration, not confirmatory."
0.04700508600861706,30869.0,,,,12512,756,11756,descriptive_nonrepresentative_no_ci,commune,13102,Cerrillos,household,"All households with exactly one head (pco1=1), valid v9 (1..11), positive weight; no ownership or v28 restriction.",expc,138,138,0,0,"Complete sampled-commune aggregate, sorted by code; no ranking. Valparaíso/Viña del Mar selected after prior exploration, not confirmatory."
0.02966381015161503,40959.0,,,,12512,756,11756,descriptive_nonrepresentative_no_ci,commune,13103,Cerro Navia,household,"All households with exactly one head (pco1=1), valid v9 (1..11), positive weight; no ownership or v28 restriction.",expc,237,237,0,0,"Complete sampled-commune aggregate, sorted by code; no ranking. Valparaíso/Viña del Mar selected after prior exploration, not confirmatory."
0.005815670505917899,44019.0,,,,12512,756,11756,descriptive_nonrepresentative_no_ci,commune,13104,Conchalí,household,"All households with exactly one head (pco1=1), valid v9 (1..11), positive weight; no ownership or v28 restriction.",expc,218,218,0,0,"Complete sampled-commune aggregate, sorted by code; no ranking. Valparaíso/Viña del Mar selected after prior exploration, not confirmatory."
0.0038203832138239096,51042.0,,,,12512,756,11756,descriptive_nonrepresentative_no_ci,commune,13105,El Bosque,household,"All households with exactly one head (pco1=1), valid v9 (1..11), positive weight; no ownership or v28 restriction.",expc,265,265,0,0,"Complete sampled-commune aggregate, sorted by code; no ranking. Valparaíso/Viña del Mar selected after prior exploration, not confirmatory."
0.0073534056881498985,79147.0,,,,12512,756,11756,descriptive_nonrepresentative_no_ci,commune,13106,Estación Central,household,"All households with exactly one head (pco1=1), valid v9 (1..11), positive weight; no ownership or v28 restriction.",expc,309,309,0,0,"Complete sampled-commune aggregate, sorted by code; no ranking. Valparaíso/Viña del Mar selected after prior exploration, not confirmatory."
0.006273094440147804,34911.0,,,,12512,756,11756,descriptive_nonrepresentative_no_ci,commune,13107,Huechuraba,household,"All households with exactly one head (pco1=1), valid v9 (1..11), positive weight; no ownership or v28 restriction.",expc,157,157,0,0,"Complete sampled-commune aggregate, sorted by code; no ranking. Valparaíso/Viña del Mar selected after prior exploration, not confirmatory."
0.0,55267.0,,,,12512,756,11756,descriptive_nonrepresentative_no_ci,commune,13108,Independencia,household,"All households with exactly one head (pco1=1), valid v9 (1..11), positive weight; no ownership or v28 restriction.",expc,235,235,0,0,"Complete sampled-commune aggregate, sorted by code; no ranking. Valparaíso/Viña del Mar selected after prior exploration, not confirmatory."
0.004645855407938707,36807.0,,,,12512,756,11756,descriptive_nonrepresentative_no_ci,commune,13109,La Cisterna,household,"All households with exactly one head (pco1=1), valid v9 (1..11), positive weight; no ownership or v28 restriction.",expc,169,169,0,0,"Complete sampled-commune aggregate, sorted by code; no ranking. Valparaíso/Viña del Mar selected after prior exploration, not confirmatory."
0.00800062140748796,141614.0,,,,12512,756,11756,descriptive_nonrepresentative_no_ci,commune,13110,La Florida,household,"All households with exactly one head (pco1=1), valid v9 (1..11), positive weight; no ownership or v28 restriction.",expc,672,672,0,0,"Complete sampled-commune aggregate, sorted by code; no ranking. Valparaíso/Viña del Mar selected after prior exploration, not confirmatory."
0.005135086315898124,38753.0,,,,12512,756,11756,descriptive_nonrepresentative_no_ci,commune,13111,La Granja,household,"All households with exactly one head (pco1=1), valid v9 (1..11), positive weight; no ownership or v28 restriction.",expc,225,225,0,0,"Complete sampled-commune aggregate, sorted by code; no ranking. Valparaíso/Viña del Mar selected after prior exploration, not confirmatory."
0.00394464350284343,60842.0,,,,12512,756,11756,descriptive_nonrepresentative_no_ci,commune,13112,La Pintana,household,"All households with exactly one head (pco1=1), valid v9 (1..11), positive weight; no ownership or v28 restriction.",expc,294,294,0,0,"Complete sampled-commune aggregate, sorted by code; no ranking. Valparaíso/Viña del Mar selected after prior exploration, not confirmatory."
0.013311199237603369,32529.0,,,,12512,756,11756,descriptive_nonrepresentative_no_ci,commune,13113,La Reina,household,"All households with exactly one head (pco1=1), valid v9 (1..11), positive weight; no ownership or v28 restriction.",expc,145,145,0,0,"Complete sampled-commune aggregate, sorted by code; no ranking. Valparaíso/Viña del Mar selected after prior exploration, not confirmatory."
0.0,140281.0,,,,12512,756,11756,descriptive_nonrepresentative_no_ci,commune,13114,Las Condes,household,"All households with exactly one head (pco1=1), valid v9 (1..11), positive weight; no ownership or v28 restriction.",expc,583,583,0,0,"Complete sampled-commune aggregate, sorted by code; no ranking. Valparaíso/Viña del Mar selected after prior exploration, not confirmatory."
0.011812956705080438,34623.0,,,,12512,756,11756,descriptive_nonrepresentative_no_ci,commune,13115,Lo Barnechea,household,"All households with exactly one head (pco1=1), valid v9 (1..11), positive weight; no ownership or v28 restriction.",expc,143,143,0,0,"Complete sampled-commune aggregate, sorted by code; no ranking. Valparaíso/Viña del Mar selected after prior exploration, not confirmatory."
0.014110977601133808,32457.0,,,,12512,756,11756,descriptive_nonrepresentative_no_ci,commune,13116,Lo Espejo,household,"All households with exactly one head (pco1=1), valid v9 (1..11), positive weight; no ownership or v28 restriction.",expc,154,154,0,0,"Complete sampled-commune aggregate, sorted by code; no ranking. Valparaíso/Viña del Mar selected after prior exploration, not confirmatory."
0.019444843952250827,34765.0,,,,12512,756,11756,descriptive_nonrepresentative_no_ci,commune,13117,Lo Prado,household,"All households with exactly one head (pco1=1), valid v9 (1..11), positive weight; no ownership or v28 restriction.",expc,151,151,0,0,"Complete sampled-commune aggregate, sorted by code; no ranking. Valparaíso/Viña del Mar selected after prior exploration, not confirmatory."
0.00901990135682346,52107.0,,,,12512,756,11756,descriptive_nonrepresentative_no_ci,commune,13118,Macul,household,"All households with exactly one head (pco1=1), valid v9 (1..11), positive weight; no ownership or v28 restriction.",expc,320,320,0,0,"Complete sampled-commune aggregate, sorted by code; no ranking. Valparaíso/Viña del Mar selected after prior exploration, not confirmatory."
0.004569132853522343,192159.0,,,,12512,756,11756,descriptive_nonrepresentative_no_ci,commune,13119,Maipú,household,"All households with exactly one head (pco1=1), valid v9 (1..11), positive weight; no ownership or v28 restriction.",expc,927,927,0,0,"Complete sampled-commune aggregate, sorted by code; no ranking. Valparaíso/Viña del Mar selected after prior exploration, not confirmatory."
0.011875053781946476,116210.0,,,,12512,756,11756,descriptive_nonrepresentative_no_ci,commune,13120,Ñuñoa,household,"All households with exactly one head (pco1=1), valid v9 (1..11), positive weight; no ownership or v28 restriction.",expc,680,680,0,0,"Complete sampled-commune aggregate, sorted by code; no ranking. Valparaíso/Viña del Mar selected after prior exploration, not confirmatory."
0.020023021931418878,33012.0,,,,12512,756,11756,descriptive_nonrepresentative_no_ci,commune,13121,Pedro Aguirre Cerda,household,"All households with exactly one head (pco1=1), valid v9 (1..11), positive weight; no ownership or v28 restriction.",expc,149,149,0,0,"Complete sampled-commune aggregate, sorted by code; no ranking. Valparaíso/Viña del Mar selected after prior exploration, not confirmatory."
0.025015293921361436,89905.0,,,,12512,756,11756,descriptive_nonrepresentative_no_ci,commune,13122,Peñalolén,household,"All households with exactly one head (pco1=1), valid v9 (1..11), positive weight; no ownership or v28 restriction.",expc,384,384,0,0,"Complete sampled-commune aggregate, sorted by code; no ranking. Valparaíso/Viña del Mar selected after prior exploration, not confirmatory."
0.0074611220047603195,81087.0,,,,12512,756,11756,descriptive_nonrepresentative_no_ci,commune,13123,Providencia,household,"All households with exactly one head (pco1=1), valid v9 (1..11), positive weight; no ownership or v28 restriction.",expc,429,429,0,0,"Complete sampled-commune aggregate, sorted by code; no ranking. Valparaíso/Viña del Mar selected after prior exploration, not confirmatory."
0.011710706438587813,86929.0,,,,12512,756,11756,descriptive_nonrepresentative_no_ci,commune,13124,Pudahuel,household,"All households with exactly one head (pco1=1), valid v9 (1..11), positive weight; no ownership or v28 restriction.",expc,369,369,0,0,"Complete sampled-commune aggregate, sorted by code; no ranking. Valparaíso/Viña del Mar selected after prior exploration, not confirmatory."
0.0,87856.0,,,,12512,756,11756,descriptive_nonrepresentative_no_ci,commune,13125,Quilicura,household,"All households with exactly one head (pco1=1), valid v9 (1..11), positive weight; no ownership or v28 restriction.",expc,416,416,0,0,"Complete sampled-commune aggregate, sorted by code; no ranking. Valparaíso/Viña del Mar selected after prior exploration, not confirmatory."
0.0,48760.0,,,,12512,756,11756,descriptive_nonrepresentative_no_ci,commune,13126,Quinta Normal,household,"All households with exactly one head (pco1=1), valid v9 (1..11), positive weight; no ownership or v28 restriction.",expc,243,243,0,0,"Complete sampled-commune aggregate, sorted by code; no ranking. Valparaíso/Viña del Mar selected after prior exploration, not confirmatory."
0.0,67682.0,,,,12512,756,11756,descriptive_nonrepresentative_no_ci,commune,13127,Recoleta,household,"All households with exactly one head (pco1=1), valid v9 (1..11), positive weight; no ownership or v28 restriction.",expc,293,293,0,0,"Complete sampled-commune aggregate, sorted by code; no ranking. Valparaíso/Viña del Mar selected after prior exploration, not confirmatory."
0.0,55821.0,,,,12512,756,11756,descriptive_nonrepresentative_no_ci,commune,13128,Renca,household,"All households with exactly one head (pco1=1), valid v9 (1..11), positive weight; no ownership or v28 restriction.",expc,312,312,0,0,"Complete sampled-commune aggregate, sorted by code; no ranking. Valparaíso/Viña del Mar selected after prior exploration, not confirmatory."
0.025237235838621412,34354.0,,,,12512,756,11756,descriptive_nonrepresentative_no_ci,commune,13129,San Joaquín,household,"All households with exactly one head (pco1=1), valid v9 (1..11), positive weight; no ownership or v28 restriction.",expc,181,181,0,0,"Complete sampled-commune aggregate, sorted by code; no ranking. Valparaíso/Viña del Mar selected after prior exploration, not confirmatory."
0.0,57817.0,,,,12512,756,11756,descriptive_nonrepresentative_no_ci,commune,13130,San Miguel,household,"All households with exactly one head (pco1=1), valid v9 (1..11), positive weight; no ownership or v28 restriction.",expc,329,329,0,0,"Complete sampled-commune aggregate, sorted by code; no ranking. Valparaíso/Viña del Mar selected after prior exploration, not confirmatory."
0.022249826458660627,27371.0,,,,12512,756,11756,descriptive_nonrepresentative_no_ci,commune,13131,San Ramón,household,"All households with exactly one head (pco1=1), valid v9 (1..11), positive weight; no ownership or v28 restriction.",expc,133,133,0,0,"Complete sampled-commune aggregate, sorted by code; no ranking. Valparaíso/Viña del Mar selected after prior exploration, not confirmatory."
0.008752392006776046,31877.0,,,,12512,756,11756,descriptive_nonrepresentative_no_ci,commune,13132,Vitacura,household,"All households with exactly one head (pco1=1), valid v9 (1..11), positive weight; no ownership or v28 restriction.",expc,152,152,0,0,"Complete sampled-commune aggregate, sorted by code; no ranking. Valparaíso/Viña del Mar selected after prior exploration, not confirmatory."
0.0,216407.0,,,,12512,756,11756,descriptive_nonrepresentative_no_ci,commune,13201,Puente Alto,household,"All households with exactly one head (pco1=1), valid v9 (1..11), positive weight; no ownership or v28 restriction.",expc,935,935,0,0,"Complete sampled-commune aggregate, sorted by code; no ranking. Valparaíso/Viña del Mar selected after prior exploration, not confirmatory."
0.0,10911.0,,,,12512,756,11756,descriptive_nonrepresentative_no_ci,commune,13202,Pirque,household,"All households with exactly one head (pco1=1), valid v9 (1..11), positive weight; no ownership or v28 restriction.",expc,64,64,0,0,"Complete sampled-commune aggregate, sorted by code; no ranking. Valparaíso/Viña del Mar selected after prior exploration, not confirmatory."
0.0,7645.0,,,,12512,756,11756,descriptive_nonrepresentative_no_ci,commune,13203,San José de Maipo,household,"All households with exactly one head (pco1=1), valid v9 (1..11), positive weight; no ownership or v28 restriction.",expc,70,70,0,0,"Complete sampled-commune aggregate, sorted by code; no ranking. Valparaíso/Viña del Mar selected after prior exploration, not confirmatory."
0.005061472398648097,61247.0,,,,12512,756,11756,descriptive_nonrepresentative_no_ci,commune,13301,Colina,household,"All households with exactly one head (pco1=1), valid v9 (1..11), positive weight; no ownership or v28 restriction.",expc,256,256,0,0,"Complete sampled-commune aggregate, sorted by code; no ranking. Valparaíso/Viña del Mar selected after prior exploration, not confirmatory."
0.02469291603567222,47544.0,,,,12512,756,11756,descriptive_nonrepresentative_no_ci,commune,13302,Lampa,household,"All households with exactly one head (pco1=1), valid v9 (1..11), positive weight; no ownership or v28 restriction.",expc,210,210,0,0,"Complete sampled-commune aggregate, sorted by code; no ranking. Valparaíso/Viña del Mar selected after prior exploration, not confirmatory."
0.02721176167139541,7754.0,,,,12512,756,11756,descriptive_nonrepresentative_no_ci,commune,13303,Tiltil,household,"All households with exactly one head (pco1=1), valid v9 (1..11), positive weight; no ownership or v28 restriction.",expc,70,70,0,0,"Complete sampled-commune aggregate, sorted by code; no ranking. Valparaíso/Viña del Mar selected after prior exploration, not confirmatory."
0.003250101836524211,115381.0,,,,12512,756,11756,descriptive_nonrepresentative_no_ci,commune,13401,San Bernardo,household,"All households with exactly one head (pco1=1), valid v9 (1..11), positive weight; no ownership or v28 restriction.",expc,554,554,0,0,"Complete sampled-commune aggregate, sorted by code; no ranking. Valparaíso/Viña del Mar selected after prior exploration, not confirmatory."
0.016039778651054614,37407.0,,,,12512,756,11756,descriptive_nonrepresentative_no_ci,commune,13402,Buin,household,"All households with exactly one head (pco1=1), valid v9 (1..11), positive weight; no ownership or v28 restriction.",expc,180,180,0,0,"Complete sampled-commune aggregate, sorted by code; no ranking. Valparaíso/Viña del Mar selected after prior exploration, not confirmatory."
0.011195878331516893,10093.0,,,,12512,756,11756,descriptive_nonrepresentative_no_ci,commune,13403,Calera de Tango,household,"All households with exactly one head (pco1=1), valid v9 (1..11), positive weight; no ownership or v28 restriction.",expc,76,76,0,0,"Complete sampled-commune aggregate, sorted by code; no ranking. Valparaíso/Viña del Mar selected after prior exploration, not confirmatory."
0.01711987349169789,29089.0,,,,12512,756,11756,descriptive_nonrepresentative_no_ci,commune,13404,Paine,household,"All households with exactly one head (pco1=1), valid v9 (1..11), positive weight; no ownership or v28 restriction.",expc,129,129,0,0,"Complete sampled-commune aggregate, sorted by code; no ranking. Valparaíso/Viña del Mar selected after prior exploration, not confirmatory."
0.0,51697.0,,,,12512,756,11756,descriptive_nonrepresentative_no_ci,commune,13501,Melipilla,household,"All households with exactly one head (pco1=1), valid v9 (1..11), positive weight; no ownership or v28 restriction.",expc,222,222,0,0,"Complete sampled-commune aggregate, sorted by code; no ranking. Valparaíso/Viña del Mar selected after prior exploration, not confirmatory."
0.0,2728.0,,,,12512,756,11756,descriptive_nonrepresentative_no_ci,commune,13502,Alhué,household,"All households with exactly one head (pco1=1), valid v9 (1..11), positive weight; no ownership or v28 restriction.",expc,53,53,0,0,"Complete sampled-commune aggregate, sorted by code; no ranking. Valparaíso/Viña del Mar selected after prior exploration, not confirmatory."
0.02252252252252252,13986.0,,,,12512,756,11756,descriptive_nonrepresentative_no_ci,commune,13503,Curacaví,household,"All households with exactly one head (pco1=1), valid v9 (1..11), positive weight; no ownership or v28 restriction.",expc,69,69,0,0,"Complete sampled-commune aggregate, sorted by code; no ranking. Valparaíso/Viña del Mar selected after prior exploration, not confirmatory."
0.1385411450509097,5991.0,,,,12512,756,11756,descriptive_nonrepresentative_no_ci,commune,13504,María Pinto,household,"All households with exactly one head (pco1=1), valid v9 (1..11), positive weight; no ownership or v28 restriction.",expc,67,67,0,0,"Complete sampled-commune aggregate, sorted by code; no ranking. Valparaíso/Viña del Mar selected after prior exploration, not confirmatory."
0.05394990366088632,4152.0,,,,12512,756,11756,descriptive_nonrepresentative_no_ci,commune,13505,San Pedro,household,"All households with exactly one head (pco1=1), valid v9 (1..11), positive weight; no ownership or v28 restriction.",expc,39,39,0,0,"Complete sampled-commune aggregate, sorted by code; no ranking. Valparaíso/Viña del Mar selected after prior exploration, not confirmatory."
0.005334644924520449,26431.0,,,,12512,756,11756,descriptive_nonrepresentative_no_ci,commune,13601,Talagante,household,"All households with exactly one head (pco1=1), valid v9 (1..11), positive weight; no ownership or v28 restriction.",expc,130,130,0,0,"Complete sampled-commune aggregate, sorted by code; no ranking. Valparaíso/Viña del Mar selected after prior exploration, not confirmatory."
0.063024350317168,14661.0,,,,12512,756,11756,descriptive_nonrepresentative_no_ci,commune,13602,El Monte,household,"All households with exactly one head (pco1=1), valid v9 (1..11), positive weight; no ownership or v28 restriction.",expc,113,113,0,0,"Complete sampled-commune aggregate, sorted by code; no ranking. Valparaíso/Viña del Mar selected after prior exploration, not confirmatory."
0.0,14028.0,,,,12512,756,11756,descriptive_nonrepresentative_no_ci,commune,13603,Isla de Maipo,household,"All households with exactly one head (pco1=1), valid v9 (1..11), positive weight; no ownership or v28 restriction.",expc,84,84,0,0,"Complete sampled-commune aggregate, sorted by code; no ranking. Valparaíso/Viña del Mar selected after prior exploration, not confirmatory."
0.0,27554.0,,,,12512,756,11756,descriptive_nonrepresentative_no_ci,commune,13604,Padre Hurtado,household,"All households with exactly one head (pco1=1), valid v9 (1..11), positive weight; no ownership or v28 restriction.",expc,147,147,0,0,"Complete sampled-commune aggregate, sorted by code; no ranking. Valparaíso/Viña del Mar selected after prior exploration, not confirmatory."
0.01116253743533896,33057.0,,,,12512,756,11756,descriptive_nonrepresentative_no_ci,commune,13605,Peñaflor,household,"All households with exactly one head (pco1=1), valid v9 (1..11), positive weight; no ownership or v28 restriction.",expc,206,206,0,0,"Complete sampled-commune aggregate, sorted by code; no ranking. Valparaíso/Viña del Mar selected after prior exploration, not confirmatory."
0.0072060701234278,68137.0,,,,12512,756,11756,descriptive_nonrepresentative_no_ci,commune,14101,Valdivia,household,"All households with exactly one head (pco1=1), valid v9 (1..11), positive weight; no ownership or v28 restriction.",expc,1469,1469,0,0,"Complete sampled-commune aggregate, sorted by code; no ranking. Valparaíso/Viña del Mar selected after prior exploration, not confirmatory."
0.0,2280.0,,,,12512,756,11756,descriptive_nonrepresentative_no_ci,commune,14102,Corral,household,"All households with exactly one head (pco1=1), valid v9 (1..11), positive weight; no ownership or v28 restriction.",expc,60,60,0,0,"Complete sampled-commune aggregate, sorted by code; no ranking. Valparaíso/Viña del Mar selected after prior exploration, not confirmatory."
0.02354694485842027,6710.0,,,,12512,756,11756,descriptive_nonrepresentative_no_ci,commune,14103,Lanco,household,"All households with exactly one head (pco1=1), valid v9 (1..11), positive weight; no ownership or v28 restriction.",expc,143,143,0,0,"Complete sampled-commune aggregate, sorted by code; no ranking. Valparaíso/Viña del Mar selected after prior exploration, not confirmatory."
0.006299212598425197,7620.0,,,,12512,756,11756,descriptive_nonrepresentative_no_ci,commune,14104,Los Lagos,household,"All households with exactly one head (pco1=1), valid v9 (1..11), positive weight; no ownership or v28 restriction.",expc,170,170,0,0,"Complete sampled-commune aggregate, sorted by code; no ranking. Valparaíso/Viña del Mar selected after prior exploration, not confirmatory."
0.011151079136690648,2780.0,,,,12512,756,11756,descriptive_nonrepresentative_no_ci,commune,14105,Máfil,household,"All households with exactly one head (pco1=1), valid v9 (1..11), positive weight; no ownership or v28 restriction.",expc,79,79,0,0,"Complete sampled-commune aggregate, sorted by code; no ranking. Valparaíso/Viña del Mar selected after prior exploration, not confirmatory."
0.007547169811320755,9010.0,,,,12512,756,11756,descriptive_nonrepresentative_no_ci,commune,14106,Mariquina,household,"All households with exactly one head (pco1=1), valid v9 (1..11), positive weight; no ownership or v28 restriction.",expc,190,190,0,0,"Complete sampled-commune aggregate, sorted by code; no ranking. Valparaíso/Viña del Mar selected after prior exploration, not confirmatory."
0.0,7944.0,,,,12512,756,11756,descriptive_nonrepresentative_no_ci,commune,14107,Paillaco,household,"All households with exactly one head (pco1=1), valid v9 (1..11), positive weight; no ownership or v28 restriction.",expc,187,187,0,0,"Complete sampled-commune aggregate, sorted by code; no ranking. Valparaíso/Viña del Mar selected after prior exploration, not confirmatory."
0.0,13032.0,,,,12512,756,11756,descriptive_nonrepresentative_no_ci,commune,14108,Panguipulli,household,"All households with exactly one head (pco1=1), valid v9 (1..11), positive weight; no ownership or v28 restriction.",expc,260,260,0,0,"Complete sampled-commune aggregate, sorted by code; no ranking. Valparaíso/Viña del Mar selected after prior exploration, not confirmatory."
0.014864954542438118,15069.0,,,,12512,756,11756,descriptive_nonrepresentative_no_ci,commune,14201,La Unión,household,"All households with exactly one head (pco1=1), valid v9 (1..11), positive weight; no ownership or v28 restriction.",expc,354,354,0,0,"Complete sampled-commune aggregate, sorted by code; no ranking. Valparaíso/Viña del Mar selected after prior exploration, not confirmatory."
0.01199926158390253,5417.0,,,,12512,756,11756,descriptive_nonrepresentative_no_ci,commune,14202,Futrono,household,"All households with exactly one head (pco1=1), valid v9 (1..11), positive weight; no ownership or v28 restriction.",expc,136,136,0,0,"Complete sampled-commune aggregate, sorted by code; no ranking. Valparaíso/Viña del Mar selected after prior exploration, not confirmatory."
0.027879103699843668,3838.0,,,,12512,756,11756,descriptive_nonrepresentative_no_ci,commune,14203,Lago Ranco,household,"All households with exactly one head (pco1=1), valid v9 (1..11), positive weight; no ownership or v28 restriction.",expc,82,82,0,0,"Complete sampled-commune aggregate, sorted by code; no ranking. Valparaíso/Viña del Mar selected after prior exploration, not confirmatory."
0.007682249101013403,12236.0,,,,12512,756,11756,descriptive_nonrepresentative_no_ci,commune,14204,Río Bueno,household,"All households with exactly one head (pco1=1), valid v9 (1..11), positive weight; no ownership or v28 restriction.",expc,303,303,0,0,"Complete sampled-commune aggregate, sorted by code; no ranking. Valparaíso/Viña del Mar selected after prior exploration, not confirmatory."
0.004602799837828814,83862.0,,,,12512,756,11756,descriptive_nonrepresentative_no_ci,commune,15101,Arica,household,"All households with exactly one head (pco1=1), valid v9 (1..11), positive weight; no ownership or v28 restriction.",expc,2730,2730,0,0,"Complete sampled-commune aggregate, sorted by code; no ranking. Valparaíso/Viña del Mar selected after prior exploration, not confirmatory."
0.0,939.0,,,,12512,756,11756,descriptive_nonrepresentative_no_ci,commune,15102,Camarones,household,"All households with exactly one head (pco1=1), valid v9 (1..11), positive weight; no ownership or v28 restriction.",expc,19,19,0,0,"Complete sampled-commune aggregate, sorted by code; no ranking. Valparaíso/Viña del Mar selected after prior exploration, not confirmatory."
0.0,1157.0,,,,12512,756,11756,descriptive_nonrepresentative_no_ci,commune,15201,Putre,household,"All households with exactly one head (pco1=1), valid v9 (1..11), positive weight; no ownership or v28 restriction.",expc,36,36,0,0,"Complete sampled-commune aggregate, sorted by code; no ranking. Valparaíso/Viña del Mar selected after prior exploration, not confirmatory."
0.0,330.0,,,,12512,756,11756,descriptive_nonrepresentative_no_ci,commune,15202,General Lagos,household,"All households with exactly one head (pco1=1), valid v9 (1..11), positive weight; no ownership or v28 restriction.",expc,10,10,0,0,"Complete sampled-commune aggregate, sorted by code; no ranking. Valparaíso/Viña del Mar selected after prior exploration, not confirmatory."
0.0036417374782287434,75788.0,,,,12512,756,11756,descriptive_nonrepresentative_no_ci,commune,16101,Chillán,household,"All households with exactly one head (pco1=1), valid v9 (1..11), positive weight; no ownership or v28 restriction.",expc,1451,1451,0,0,"Complete sampled-commune aggregate, sorted by code; no ranking. Valparaíso/Viña del Mar selected after prior exploration, not confirmatory."
0.0,8436.0,,,,12512,756,11756,descriptive_nonrepresentative_no_ci,commune,16102,Bulnes,household,"All households with exactly one head (pco1=1), valid v9 (1..11), positive weight; no ownership or v28 restriction.",expc,120,120,0,0,"Complete sampled-commune aggregate, sorted by code; no ranking. Valparaíso/Viña del Mar selected after prior exploration, not confirmatory."
0.0,12777.0,,,,12512,756,11756,descriptive_nonrepresentative_no_ci,commune,16103,Chillán Viejo,household,"All households with exactly one head (pco1=1), valid v9 (1..11), positive weight; no ownership or v28 restriction.",expc,218,218,0,0,"Complete sampled-commune aggregate, sorted by code; no ranking. Valparaíso/Viña del Mar selected after prior exploration, not confirmatory."
0.0,5056.0,,,,12512,756,11756,descriptive_nonrepresentative_no_ci,commune,16104,El Carmen,household,"All households with exactly one head (pco1=1), valid v9 (1..11), positive weight; no ownership or v28 restriction.",expc,74,74,0,0,"Complete sampled-commune aggregate, sorted by code; no ranking. Valparaíso/Viña del Mar selected after prior exploration, not confirmatory."
0.0,3276.0,,,,12512,756,11756,descriptive_nonrepresentative_no_ci,commune,16105,Pemuco,household,"All households with exactly one head (pco1=1), valid v9 (1..11), positive weight; no ownership or v28 restriction.",expc,58,58,0,0,"Complete sampled-commune aggregate, sorted by code; no ranking. Valparaíso/Viña del Mar selected after prior exploration, not confirmatory."
0.019916830816371196,4569.0,,,,12512,756,11756,descriptive_nonrepresentative_no_ci,commune,16106,Pinto,household,"All households with exactly one head (pco1=1), valid v9 (1..11), positive weight; no ownership or v28 restriction.",expc,58,58,0,0,"Complete sampled-commune aggregate, sorted by code; no ranking. Valparaíso/Viña del Mar selected after prior exploration, not confirmatory."
0.0,7883.0,,,,12512,756,11756,descriptive_nonrepresentative_no_ci,commune,16107,Quillón,household,"All households with exactly one head (pco1=1), valid v9 (1..11), positive weight; no ownership or v28 restriction.",expc,123,123,0,0,"Complete sampled-commune aggregate, sorted by code; no ranking. Valparaíso/Viña del Mar selected after prior exploration, not confirmatory."
0.0,5836.0,,,,12512,756,11756,descriptive_nonrepresentative_no_ci,commune,16108,San Ignacio,household,"All households with exactly one head (pco1=1), valid v9 (1..11), positive weight; no ownership or v28 restriction.",expc,91,91,0,0,"Complete sampled-commune aggregate, sorted by code; no ranking. Valparaíso/Viña del Mar selected after prior exploration, not confirmatory."
0.0,7562.0,,,,12512,756,11756,descriptive_nonrepresentative_no_ci,commune,16109,Yungay,household,"All households with exactly one head (pco1=1), valid v9 (1..11), positive weight; no ownership or v28 restriction.",expc,108,108,0,0,"Complete sampled-commune aggregate, sorted by code; no ranking. Valparaíso/Viña del Mar selected after prior exploration, not confirmatory."
0.0,4655.0,,,,12512,756,11756,descriptive_nonrepresentative_no_ci,commune,16201,Quirihue,household,"All households with exactly one head (pco1=1), valid v9 (1..11), positive weight; no ownership or v28 restriction.",expc,109,109,0,0,"Complete sampled-commune aggregate, sorted by code; no ranking. Valparaíso/Viña del Mar selected after prior exploration, not confirmatory."
0.0,2038.0,,,,12512,756,11756,descriptive_nonrepresentative_no_ci,commune,16202,Cobquecura,household,"All households with exactly one head (pco1=1), valid v9 (1..11), positive weight; no ownership or v28 restriction.",expc,37,37,0,0,"Complete sampled-commune aggregate, sorted by code; no ranking. Valparaíso/Viña del Mar selected after prior exploration, not confirmatory."
0.0088715953307393,6425.0,,,,12512,756,11756,descriptive_nonrepresentative_no_ci,commune,16203,Coelemu,household,"All households with exactly one head (pco1=1), valid v9 (1..11), positive weight; no ownership or v28 restriction.",expc,95,95,0,0,"Complete sampled-commune aggregate, sorted by code; no ranking. Valparaíso/Viña del Mar selected after prior exploration, not confirmatory."
0.0,2002.0,,,,12512,756,11756,descriptive_nonrepresentative_no_ci,commune,16204,Ninhue,household,"All households with exactly one head (pco1=1), valid v9 (1..11), positive weight; no ownership or v28 restriction.",expc,70,70,0,0,"Complete sampled-commune aggregate, sorted by code; no ranking. Valparaíso/Viña del Mar selected after prior exploration, not confirmatory."
0.0,1819.0,,,,12512,756,11756,descriptive_nonrepresentative_no_ci,commune,16205,Portezuelo,household,"All households with exactly one head (pco1=1), valid v9 (1..11), positive weight; no ownership or v28 restriction.",expc,63,63,0,0,"Complete sampled-commune aggregate, sorted by code; no ranking. Valparaíso/Viña del Mar selected after prior exploration, not confirmatory."
0.017948717948717947,2730.0,,,,12512,756,11756,descriptive_nonrepresentative_no_ci,commune,16206,Ranquil,household,"All households with exactly one head (pco1=1), valid v9 (1..11), positive weight; no ownership or v28 restriction.",expc,51,51,0,0,"Complete sampled-commune aggregate, sorted by code; no ranking. Valparaíso/Viña del Mar selected after prior exploration, not confirmatory."
0.013276434329065908,2109.0,,,,12512,756,11756,descriptive_nonrepresentative_no_ci,commune,16207,Treguaco,household,"All households with exactly one head (pco1=1), valid v9 (1..11), positive weight; no ownership or v28 restriction.",expc,61,61,0,0,"Complete sampled-commune aggregate, sorted by code; no ranking. Valparaíso/Viña del Mar selected after prior exploration, not confirmatory."
0.0027946191739295187,21112.0,,,,12512,756,11756,descriptive_nonrepresentative_no_ci,commune,16301,San Carlos,household,"All households with exactly one head (pco1=1), valid v9 (1..11), positive weight; no ownership or v28 restriction.",expc,351,351,0,0,"Complete sampled-commune aggregate, sorted by code; no ranking. Valparaíso/Viña del Mar selected after prior exploration, not confirmatory."
0.060658578856152515,10386.0,,,,12512,756,11756,descriptive_nonrepresentative_no_ci,commune,16302,Coihueco,household,"All households with exactly one head (pco1=1), valid v9 (1..11), positive weight; no ownership or v28 restriction.",expc,162,162,0,0,"Complete sampled-commune aggregate, sorted by code; no ranking. Valparaíso/Viña del Mar selected after prior exploration, not confirmatory."
0.02147766323024055,4656.0,,,,12512,756,11756,descriptive_nonrepresentative_no_ci,commune,16303,Ñiquén,household,"All households with exactly one head (pco1=1), valid v9 (1..11), positive weight; no ownership or v28 restriction.",expc,77,77,0,0,"Complete sampled-commune aggregate, sorted by code; no ranking. Valparaíso/Viña del Mar selected after prior exploration, not confirmatory."
0.043849658314350795,1756.0,,,,12512,756,11756,descriptive_nonrepresentative_no_ci,commune,16304,San Fabián,household,"All households with exactly one head (pco1=1), valid v9 (1..11), positive weight; no ownership or v28 restriction.",expc,41,41,0,0,"Complete sampled-commune aggregate, sorted by code; no ranking. Valparaíso/Viña del Mar selected after prior exploration, not confirmatory."
0.018427255196057424,4667.0,,,,12512,756,11756,descriptive_nonrepresentative_no_ci,commune,16305,San Nicolás,household,"All households with exactly one head (pco1=1), valid v9 (1..11), positive weight; no ownership or v28 restriction.",expc,78,78,0,0,"Complete sampled-commune aggregate, sorted by code; no ranking. Valparaíso/Viña del Mar selected after prior exploration, not confirmatory."
